id,date,year,month,day,day_of_week,day_name,quarter,season,is_weekend,day_gen_kwh,radiation_kwh_m2_day,adj_radiation_kwh_m2_day,performance_ratio_pct,cuf_on_ac_capacity_%,cuf_on_dc_capacity_%,adj_performance_ratio_pct
1,2024-08-30,2024,8,30,4,Friday,3,Summer,0,265.28,0.4,0.4,80.03,1.63,1.32,80.03
2,2024-08-31,2024,8,31,5,Saturday,3,Summer,1,2988.07,4.6,4.6,77.68,18.31,14.87,77.68
3,2024-09-01,2024,9,1,6,Sunday,3,Autumn,1,1625.85,4.42,4.42,43.97,9.96,8.09,43.97
4,2024-09-02,2024,9,2,0,Monday,3,Autumn,0,3446.38,5.89,5.89,69.95,21.12,17.15,69.95
5,2024-09-03,2024,9,3,1,Tuesday,3,Autumn,0,1993.12,3.07,3.07,77.43,12.21,9.92,77.43
6,2024-09-04,2024,9,4,2,Wednesday,3,Autumn,0,1749.21,2.71,2.71,76.99,10.72,8.71,76.99
7,2024-09-05,2024,9,5,3,Thursday,3,Autumn,0,3692.9,5.75,5.75,76.75,22.63,18.38,76.75
8,2024-09-06,2024,9,6,4,Friday,3,Autumn,0,1960.18,3.0,3.0,78.03,12.01,9.76,78.03
9,2024-09-07,2024,9,7,5,Saturday,3,Autumn,1,1106.3,4.16,4.16,31.75,6.78,5.51,31.75
10,2024-09-08,2024,9,8,6,Sunday,3,Autumn,1,620.42,2.56,2.56,28.99,3.8,3.09,28.99
11,2024-09-09,2024,9,9,0,Monday,3,Autumn,0,2379.46,3.92,3.92,72.55,14.58,11.84,72.55
12,2024-09-10,2024,9,10,1,Tuesday,3,Autumn,0,4250.46,6.81,6.81,74.55,26.04,21.16,74.55
13,2024-09-11,2024,9,11,2,Wednesday,3,Autumn,0,2833.88,4.42,4.42,76.61,17.36,14.11,76.61
14,2024-09-12,2024,9,12,3,Thursday,3,Autumn,0,3888.32,6.79,6.79,68.39,23.83,19.35,68.39
15,2024-09-13,2024,9,13,4,Friday,3,Autumn,0,3648.3,6.39,6.39,68.25,22.35,18.16,68.25
16,2024-09-14,2024,9,14,5,Saturday,3,Autumn,1,4452.28,6.56,6.56,81.04,27.28,22.16,81.04
17,2024-09-15,2024,9,15,6,Sunday,3,Autumn,1,1066.4,6.14,6.14,20.74,6.53,5.31,20.74
18,2024-09-16,2024,9,16,0,Monday,3,Autumn,0,4000.59,6.61,6.61,72.35,24.51,19.91,72.35
19,2024-09-17,2024,9,17,1,Tuesday,3,Autumn,0,1698.15,6.58,6.58,30.83,10.41,8.45,30.83
20,2024-09-18,2024,9,18,2,Wednesday,3,Autumn,0,4099.85,6.62,6.62,74.02,25.12,20.41,74.02
21,2024-09-19,2024,9,19,3,Thursday,3,Autumn,0,3107.63,4.96,4.96,74.91,19.04,15.47,74.91
22,2024-09-20,2024,9,20,4,Friday,3,Autumn,0,3602.45,6.08,6.08,70.76,22.07,17.93,70.76
23,2024-09-21,2024,9,21,5,Saturday,3,Autumn,1,2834.99,4.39,4.39,77.23,17.37,14.11,77.23
24,2024-09-22,2024,9,22,6,Sunday,3,Autumn,1,1623.85,2.55,2.55,76.07,9.95,8.08,76.07
25,2024-09-23,2024,9,23,0,Monday,3,Autumn,0,3170.23,4.96,4.96,76.29,19.43,15.78,76.29
26,2024-09-24,2024,9,24,1,Tuesday,3,Autumn,0,2885.92,4.62,4.62,74.69,17.68,14.36,74.69
27,2024-09-25,2024,9,25,2,Wednesday,3,Autumn,0,3415.49,5.49,5.49,74.37,20.93,17.0,74.37
28,2024-09-26,2024,9,26,3,Thursday,3,Autumn,0,2198.33,3.39,3.39,77.38,13.47,10.94,77.38
29,2024-09-27,2024,9,27,4,Friday,3,Autumn,0,2893.01,4.65,4.65,74.35,17.73,14.4,74.35
30,2024-09-28,2024,9,28,5,Saturday,3,Autumn,1,2449.22,3.95,3.95,74.11,15.01,12.19,74.11
31,2024-09-29,2024,9,29,6,Sunday,3,Autumn,1,1305.3,6.11,6.11,25.53,8.0,6.5,25.53
32,2024-09-30,2024,9,30,0,Monday,3,Autumn,0,3007.34,5.16,5.16,69.65,18.43,14.97,69.65
33,2024-10-01,2024,10,1,1,Tuesday,4,Autumn,0,3612.39,6.01,6.01,71.81,22.13,17.98,71.81
34,2024-10-02,2024,10,2,2,Wednesday,4,Autumn,0,3245.89,6.9,6.9,56.19,19.89,16.16,56.19
35,2024-10-03,2024,10,3,3,Thursday,4,Autumn,0,3857.3,6.19,6.19,74.42,23.64,19.2,74.42
36,2024-10-04,2024,10,4,4,Friday,4,Autumn,0,3872.45,6.23,6.23,74.27,23.73,19.28,74.27
37,2024-10-05,2024,10,5,5,Saturday,4,Autumn,1,2632.03,4.81,4.81,65.37,16.13,13.1,65.37
38,2024-10-06,2024,10,6,6,Sunday,4,Autumn,1,2034.67,5.04,5.04,48.23,12.47,10.13,48.23
39,2024-10-07,2024,10,7,0,Monday,4,Autumn,0,2698.1,4.32,4.32,74.64,16.53,13.43,74.64
40,2024-10-08,2024,10,8,1,Tuesday,4,Autumn,0,2708.43,4.54,4.54,71.25,16.6,13.48,71.25
41,2024-10-09,2024,10,9,2,Wednesday,4,Autumn,0,1851.49,3.17,3.17,69.75,11.34,9.22,69.75
42,2024-10-10,2024,10,10,3,Thursday,4,Autumn,0,1980.82,3.09,3.09,76.53,12.14,9.86,76.53
43,2024-10-11,2024,10,11,4,Friday,4,Autumn,0,1232.36,5.9,5.9,24.93,7.55,6.13,24.93
44,2024-10-12,2024,10,12,5,Saturday,4,Autumn,1,1382.46,5.1,5.1,32.38,8.47,6.88,32.38
45,2024-10-13,2024,10,13,6,Sunday,4,Autumn,1,2160.08,5.95,5.95,43.39,13.24,10.75,43.39
46,2024-10-14,2024,10,14,0,Monday,4,Autumn,0,1104.28,1.84,1.84,71.81,6.77,5.5,71.81
47,2024-10-15,2024,10,15,1,Tuesday,4,Autumn,0,212.32,0.7,0.7,36.03,1.3,1.06,36.03
48,2024-10-16,2024,10,16,2,Wednesday,4,Autumn,0,640.49,3.04,3.04,25.17,3.92,3.19,25.17
49,2024-10-17,2024,10,17,3,Thursday,4,Autumn,0,3051.63,5.13,5.13,71.01,18.7,15.19,71.01
50,2024-10-18,2024,10,18,4,Friday,4,Autumn,0,1728.06,2.71,2.71,76.18,10.59,8.6,76.18
51,2024-10-19,2024,10,19,5,Saturday,4,Autumn,1,2494.63,3.91,3.91,76.28,15.29,12.42,76.28
52,2024-10-20,2024,10,20,6,Sunday,4,Autumn,1,1216.22,4.09,4.09,35.48,7.45,6.05,35.48
53,2024-10-21,2024,10,21,0,Monday,4,Autumn,0,3366.56,5.77,5.77,69.72,20.63,16.76,69.72
54,2024-10-22,2024,10,22,1,Tuesday,4,Autumn,0,3293.05,5.4,5.4,72.78,20.18,16.39,72.78
55,2024-10-23,2024,10,23,2,Wednesday,4,Autumn,0,3591.03,5.83,5.83,73.59,22.0,17.87,73.59
56,2024-10-24,2024,10,24,3,Thursday,4,Autumn,0,1706.15,3.41,3.41,59.72,10.45,8.49,59.72
57,2024-10-25,2024,10,25,4,Friday,4,Autumn,0,2992.12,4.82,4.82,74.19,18.33,14.89,74.19
58,2024-10-26,2024,10,26,5,Saturday,4,Autumn,1,3193.2,5.07,5.07,75.18,19.57,15.89,75.18
59,2024-10-27,2024,10,27,6,Sunday,4,Autumn,1,1270.36,5.0,5.0,30.36,7.78,6.32,30.36
60,2024-10-28,2024,10,28,0,Monday,4,Autumn,0,3268.92,5.29,5.29,73.78,20.03,16.27,73.78
61,2024-10-29,2024,10,29,1,Tuesday,4,Autumn,0,2486.92,4.1,4.1,72.48,15.24,12.38,72.48
62,2024-10-30,2024,10,30,2,Wednesday,4,Autumn,0,1578.03,2.5,2.5,75.53,9.67,7.85,75.53
63,2024-10-31,2024,10,31,3,Thursday,4,Autumn,0,976.77,3.54,3.54,33.01,5.99,4.86,33.01
64,2024-11-01,2024,11,1,4,Friday,4,Autumn,0,939.81,4.05,4.05,27.73,5.76,4.68,27.73
65,2024-11-02,2024,11,2,5,Saturday,4,Autumn,1,908.4,3.66,3.66,29.63,5.57,4.52,29.63
66,2024-11-03,2024,11,3,6,Sunday,4,Autumn,1,957.1,5.25,5.25,21.79,5.86,4.76,21.79
67,2024-11-04,2024,11,4,0,Monday,4,Autumn,0,3431.49,5.65,5.65,72.54,21.03,17.08,72.54
68,2024-11-05,2024,11,5,1,Tuesday,4,Autumn,0,3318.93,5.33,5.33,74.33,20.34,16.52,74.33
69,2024-11-06,2024,11,6,2,Wednesday,4,Autumn,0,3173.55,4.97,4.97,76.22,19.45,15.8,76.22
70,2024-11-07,2024,11,7,3,Thursday,4,Autumn,0,1484.45,2.32,2.32,76.5,9.1,7.39,76.5
71,2024-11-08,2024,11,8,4,Friday,4,Autumn,0,3447.58,5.83,5.83,70.68,21.12,17.16,70.68
72,2024-11-09,2024,11,9,5,Saturday,4,Autumn,1,2919.02,4.8,4.8,72.69,17.89,14.53,72.69
73,2024-11-10,2024,11,10,6,Sunday,4,Autumn,1,729.27,4.62,4.62,18.88,4.47,3.63,18.88
74,2024-11-11,2024,11,11,0,Monday,4,Autumn,0,2630.83,4.19,4.19,74.99,16.12,13.09,74.99
75,2024-11-12,2024,11,12,1,Tuesday,4,Autumn,0,1010.11,1.67,1.67,72.3,6.19,5.03,72.3
76,2024-11-13,2024,11,13,2,Wednesday,4,Autumn,0,1302.58,2.03,2.03,76.65,7.98,6.48,76.65
77,2024-11-14,2024,11,14,3,Thursday,4,Autumn,0,3011.87,4.95,4.95,72.69,18.46,14.99,72.69
78,2024-11-15,2024,11,15,4,Friday,4,Autumn,0,2153.04,3.9,3.9,65.92,13.19,10.72,65.92
79,2024-11-16,2024,11,16,5,Saturday,4,Autumn,1,1451.73,4.31,4.31,40.2,8.9,7.23,40.2
80,2024-11-17,2024,11,17,6,Sunday,4,Autumn,1,933.26,4.57,4.57,24.39,5.72,4.65,24.39
81,2024-11-18,2024,11,18,0,Monday,4,Autumn,0,2885.2,4.45,4.45,77.47,17.68,14.36,77.47
82,2024-11-19,2024,11,19,1,Tuesday,4,Autumn,0,2673.68,4.16,4.16,76.82,16.38,13.31,76.82
83,2024-11-20,2024,11,20,2,Wednesday,4,Autumn,0,2297.96,3.59,3.59,76.55,14.08,11.44,76.55
84,2024-11-21,2024,11,21,3,Thursday,4,Autumn,0,2224.62,3.52,3.52,75.43,13.63,11.07,75.43
85,2024-11-22,2024,11,22,4,Friday,4,Autumn,0,2012.82,5.06,5.06,47.49,12.33,10.02,47.49
86,2024-11-23,2024,11,23,5,Saturday,4,Autumn,1,2122.07,3.32,3.32,76.36,13.0,10.56,76.36
87,2024-11-24,2024,11,24,6,Sunday,4,Autumn,1,947.85,3.67,3.67,30.87,5.81,4.72,30.87
88,2024-11-25,2024,11,25,0,Monday,4,Autumn,0,1444.73,2.28,2.28,75.6,8.85,7.19,75.6
89,2024-11-26,2024,11,26,1,Tuesday,4,Autumn,0,303.54,0.55,0.55,66.29,1.86,1.51,66.29
90,2024-11-27,2024,11,27,2,Wednesday,4,Autumn,0,1125.29,1.77,1.77,75.82,6.9,5.6,75.82
91,2024-11-28,2024,11,28,3,Thursday,4,Autumn,0,1292.42,2.01,2.01,76.77,7.92,6.43,76.77
92,2024-11-29,2024,11,29,4,Friday,4,Autumn,0,538.09,0.89,0.89,72.06,3.3,2.68,72.06
93,2024-11-30,2024,11,30,5,Saturday,4,Autumn,1,4.43,0.14,1.45,69.24000000000001,0.03,0.02,69.24000000000001
94,2024-12-01,2024,12,1,6,Sunday,4,Winter,1,37.07,1.54,1.17,66.42,0.23,0.18,66.42
95,2024-12-02,2024,12,2,0,Monday,4,Winter,0,1314.95,2.47,2.47,63.6,8.06,6.55,63.6
96,2024-12-03,2024,12,3,1,Tuesday,4,Winter,0,2911.68,4.64,4.64,75.03,17.84,14.49,75.03
97,2024-12-04,2024,12,4,2,Wednesday,4,Winter,0,2654.04,4.27,4.27,74.25,16.26,13.21,74.25
98,2024-12-05,2024,12,5,3,Thursday,4,Winter,0,1799.31,3.73,3.73,57.56,11.03,8.96,57.56
99,2024-12-06,2024,12,6,4,Friday,4,Winter,0,1991.94,3.8,3.8,62.6,12.21,9.91,62.6
100,2024-12-07,2024,12,7,5,Saturday,4,Winter,1,2702.56,4.93,4.93,65.55,16.56,13.45,65.55
101,2024-12-08,2024,12,8,6,Sunday,4,Winter,1,1213.72,4.7,4.7,30.82,7.44,6.04,30.82
102,2024-12-09,2024,12,9,0,Monday,4,Winter,0,2204.98,3.45,3.45,76.26,13.51,10.98,76.26
103,2024-12-10,2024,12,10,1,Tuesday,4,Winter,0,1828.03,2.95,2.95,73.93,11.2,9.1,73.93
104,2024-12-11,2024,12,11,2,Wednesday,4,Winter,0,589.79,0.97,0.97,72.71,3.61,2.94,72.71
105,2024-12-12,2024,12,12,3,Thursday,4,Winter,0,386.33,0.68,0.68,67.67,2.37,1.92,67.67
106,2024-12-13,2024,12,13,4,Friday,4,Winter,0,1614.81,2.78,2.78,69.47,9.89,8.04,69.47
107,2024-12-14,2024,12,14,5,Saturday,4,Winter,1,1997.76,4.2,4.2,56.84,12.24,9.94,56.84
108,2024-12-15,2024,12,15,6,Sunday,4,Winter,1,2372.88,4.37,4.37,64.87,14.54,11.81,64.87
109,2024-12-16,2024,12,16,0,Monday,4,Winter,0,3074.0,4.77,4.77,77.07,18.84,15.3,77.07
110,2024-12-17,2024,12,17,1,Tuesday,4,Winter,0,1269.28,1.98,1.98,76.54,7.78,6.32,76.54
111,2024-12-18,2024,12,18,2,Wednesday,4,Winter,0,873.93,1.39,1.39,75.32,5.35,4.35,75.32
112,2024-12-19,2024,12,19,3,Thursday,4,Winter,0,1389.09,2.15,2.15,77.04,8.51,6.91,77.04
113,2024-12-20,2024,12,20,4,Friday,4,Winter,0,1933.79,3.06,3.06,75.47,11.85,9.63,75.47
114,2024-12-21,2024,12,21,5,Saturday,4,Winter,1,2738.74,4.4,4.4,74.36,16.78,13.63,74.36
115,2024-12-22,2024,12,22,6,Sunday,4,Winter,1,1084.78,4.4,4.4,29.48,6.65,5.4,29.48
116,2024-12-23,2024,12,23,0,Monday,4,Winter,0,2548.14,5.67,5.67,53.65,15.61,12.68,53.65
117,2024-12-24,2024,12,24,1,Tuesday,4,Winter,0,1137.26,1.76,1.76,77.06,6.97,5.66,77.06
118,2024-12-25,2024,12,25,2,Wednesday,4,Winter,0,682.86,2.34,2.34,34.82,4.18,3.4,34.82
119,2024-12-26,2024,12,26,3,Thursday,4,Winter,0,1578.79,3.25,3.25,58.05,9.67,7.86,58.05
120,2024-12-27,2024,12,27,4,Friday,4,Winter,0,2541.57,4.24,4.24,71.54,15.57,12.65,71.54
121,2024-12-28,2024,12,28,5,Saturday,4,Winter,1,3129.48,5.02,5.02,74.41,19.18,15.58,74.41
122,2024-12-29,2024,12,29,6,Sunday,4,Winter,1,895.02,2.84,2.84,37.7,5.48,4.45,37.7
123,2024-12-30,2024,12,30,0,Monday,4,Winter,0,2418.87,3.91,3.91,74.0,14.82,12.04,74.0
124,2024-12-31,2024,12,31,1,Tuesday,4,Winter,0,2360.81,3.88,3.88,72.61,14.47,11.75,72.61
125,2025-01-01,2025,1,1,2,Wednesday,1,Winter,0,1033.87,4.05,4.05,30.47,6.33,5.15,30.47
126,2025-01-02,2025,1,2,3,Thursday,1,Winter,0,3266.34,5.38,5.38,72.55,20.01,16.26,72.55
127,2025-01-03,2025,1,3,4,Friday,1,Winter,0,2510.78,3.95,3.95,75.95,15.38,12.5,75.95
128,2025-01-04,2025,1,4,5,Saturday,1,Winter,1,2762.98,4.4,4.4,75.08,16.93,13.75,75.08
129,2025-01-05,2025,1,5,6,Sunday,1,Winter,1,1125.68,4.07,4.07,33.05,6.9,5.6,33.05
130,2025-01-06,2025,1,6,0,Monday,1,Winter,0,2153.9,3.53,3.53,72.81,13.2,10.72,72.81
131,2025-01-07,2025,1,7,1,Tuesday,1,Winter,0,2619.21,4.23,4.23,73.92,16.05,13.04,73.92
132,2025-01-08,2025,1,8,2,Wednesday,1,Winter,0,2530.97,4.06,4.06,74.51,15.51,12.6,74.51
133,2025-01-09,2025,1,9,3,Thursday,1,Winter,0,2421.05,3.87,3.87,74.68,14.83,12.05,74.68
134,2025-01-10,2025,1,10,4,Friday,1,Winter,0,1670.25,2.58,2.58,77.31,10.23,8.31,77.31
135,2025-01-11,2025,1,11,5,Saturday,1,Winter,1,1771.05,2.81,2.81,75.37,10.85,8.82,75.37
136,2025-01-12,2025,1,12,6,Sunday,1,Winter,1,847.92,2.36,2.36,42.87,5.2,4.22,42.87
137,2025-01-13,2025,1,13,0,Monday,1,Winter,0,1517.78,2.45,2.45,73.89,9.3,7.55,73.89
138,2025-01-14,2025,1,14,1,Tuesday,1,Winter,0,609.64,5.23,5.23,13.92,3.74,3.03,13.92
139,2025-01-15,2025,1,15,2,Wednesday,1,Winter,0,371.31,4.8,3.84,26.1,2.28,1.85,11.54
140,2025-01-16,2025,1,16,3,Thursday,1,Winter,0,8208.68,4.59,4.54,38.28,50.28,40.86000000000001,31.0
141,2025-01-17,2025,1,17,4,Friday,1,Winter,0,1500.85,3.55,3.55,50.46,9.2,7.47,50.46
142,2025-01-18,2025,1,18,5,Saturday,1,Winter,1,493.9,1.84,1.84,32.1,3.03,2.46,32.1
143,2025-01-19,2025,1,19,6,Sunday,1,Winter,1,232.66,2.92,3.19,52.8,1.43,1.16,52.8
144,2025-01-20,2025,1,20,0,Monday,1,Winter,0,2815.45,4.58,4.58,73.5,17.25,14.01,73.5
145,2025-01-21,2025,1,21,1,Tuesday,1,Winter,0,3022.94,4.92,4.92,73.41,18.52,15.05,73.41
146,2025-01-22,2025,1,22,2,Wednesday,1,Winter,0,1952.99,3.19,3.19,73.14,11.97,9.72,73.14
147,2025-01-23,2025,1,23,3,Thursday,1,Winter,0,3369.24,5.72,5.72,70.41,20.64,16.77,70.41
148,2025-01-24,2025,1,24,4,Friday,1,Winter,0,2584.08,5.59,5.59,55.26,15.83,12.86,55.26
149,2025-01-25,2025,1,25,5,Saturday,1,Winter,1,2790.16,5.2,5.2,64.1,17.1,13.89,64.1
150,2025-01-26,2025,1,26,6,Sunday,1,Winter,1,1277.34,5.52,5.52,27.66,7.83,6.36,27.66
151,2025-01-27,2025,1,27,0,Monday,1,Winter,0,3301.53,5.48,5.48,72.0,20.23,16.43,72.0
152,2025-01-28,2025,1,28,1,Tuesday,1,Winter,0,2099.99,4.11,4.11,61.01,12.87,10.45,61.01
153,2025-01-29,2025,1,29,2,Wednesday,1,Winter,0,2502.83,4.8,4.8,62.26,15.34,12.46,62.26
154,2025-01-30,2025,1,30,3,Thursday,1,Winter,0,2369.29,4.7,4.7,60.26,14.52,11.79,60.26
155,2025-01-31,2025,1,31,4,Friday,1,Winter,0,2867.04,5.77,5.77,59.39,17.57,14.27,59.39
156,2025-02-01,2025,2,1,5,Saturday,1,Winter,1,1815.7,4.35,4.35,49.84,11.13,9.04,49.84
157,2025-02-02,2025,2,2,6,Sunday,1,Winter,1,1246.73,5.64,5.64,26.41,7.64,6.21,26.41
158,2025-02-03,2025,2,3,0,Monday,1,Winter,0,3091.82,6.13,6.13,60.23,18.94,15.39,60.23
159,2025-02-04,2025,2,4,1,Tuesday,1,Winter,0,2834.94,5.41,5.41,62.58,17.37,14.11,62.58
160,2025-02-05,2025,2,5,2,Wednesday,1,Winter,0,2903.34,5.71,5.71,60.7,17.79,14.45,60.7
161,2025-02-06,2025,2,6,3,Thursday,1,Winter,0,2813.64,5.73,5.73,58.62,17.24,14.0,58.62
162,2025-02-07,2025,2,7,4,Friday,1,Winter,0,2816.03,5.48,5.48,61.38,17.26,14.02,61.38
163,2025-02-08,2025,2,8,5,Saturday,1,Winter,1,2239.76,4.86,4.86,55.08,13.72,11.15,55.08
164,2025-02-09,2025,2,9,6,Sunday,1,Winter,1,1505.59,4.94,4.94,36.42,9.23,7.49,36.42
165,2025-02-10,2025,2,10,0,Monday,1,Winter,0,2731.91,5.04,5.04,64.77,16.74,13.6,64.77
166,2025-02-11,2025,2,11,1,Tuesday,1,Winter,0,1720.36,5.59,5.59,36.76,10.54,8.56,36.76
167,2025-02-12,2025,2,12,2,Wednesday,1,Winter,0,3321.72,5.97,5.97,66.49,20.35,16.53,66.49
168,2025-02-13,2025,2,13,3,Thursday,1,Winter,0,3625.08,6.22,6.22,69.66,22.21,18.04,69.66
169,2025-02-14,2025,2,14,4,Friday,1,Winter,0,4005.56,6.4,6.4,74.74,24.54,19.94,74.74
170,2025-02-15,2025,2,15,5,Saturday,1,Winter,1,3709.56,5.96,5.96,74.33,22.73,18.46,74.33
171,2025-02-16,2025,2,16,6,Sunday,1,Winter,1,1311.36,5.91,5.91,26.52,8.04,6.53,26.52
172,2025-02-17,2025,2,17,0,Monday,1,Winter,0,3324.52,5.56,5.56,71.38,20.37,16.55,71.38
173,2025-02-18,2025,2,18,1,Tuesday,1,Winter,0,3616.84,5.73,5.73,75.34,22.16,18.0,75.34
174,2025-02-19,2025,2,19,2,Wednesday,1,Winter,0,3671.9,5.83,5.83,75.21,22.5,18.28,75.21
175,2025-02-20,2025,2,20,3,Thursday,1,Winter,0,3733.51,5.93,5.93,75.28,22.88,18.58,75.28
176,2025-02-21,2025,2,21,4,Friday,1,Winter,0,3513.72,5.58,5.58,75.18,21.53,17.49,75.18
177,2025-02-22,2025,2,22,5,Saturday,1,Winter,1,3253.45,5.18,5.18,74.99,19.94,16.19,74.99
178,2025-02-23,2025,2,23,6,Sunday,1,Winter,1,3162.55,5.8,5.8,65.18,19.38,15.74,65.18
179,2025-02-24,2025,2,24,0,Monday,1,Winter,0,3541.47,5.81,5.81,72.85,21.7,17.63,72.85
180,2025-02-25,2025,2,25,1,Tuesday,1,Winter,0,3591.04,5.77,5.77,74.31,22.0,17.87,74.31
181,2025-02-26,2025,2,26,2,Wednesday,1,Winter,0,3659.83,5.9,5.9,74.09,22.43,18.22,74.09
182,2025-02-27,2025,2,27,3,Thursday,1,Winter,0,3693.66,5.95,5.95,74.21,22.63,18.39,74.21
183,2025-02-28,2025,2,28,4,Friday,1,Winter,0,3178.93,5.09,5.09,74.55,19.48,15.82,74.55
184,2025-03-01,2025,3,1,5,Saturday,1,Spring,1,8208.68,4.83,5.52,52.39,50.28,40.86000000000001,52.39
185,2025-03-02,2025,3,2,6,Sunday,1,Spring,1,1461.31,5.77,5.77,30.23,8.95,7.27,30.23
186,2025-03-03,2025,3,3,0,Monday,1,Spring,0,3308.21,5.64,5.64,70.02,20.27,16.47,70.02
187,2025-03-04,2025,3,4,1,Tuesday,1,Spring,0,3490.5,5.61,5.61,74.38,21.39,17.37,74.38
188,2025-03-05,2025,3,5,2,Wednesday,1,Spring,0,3158.15,5.13,5.13,73.59,19.35,15.72,73.59
189,2025-03-06,2025,3,6,3,Thursday,1,Spring,0,3499.23,5.66,5.66,73.85,21.44,17.42,73.85
190,2025-03-07,2025,3,7,4,Friday,1,Spring,0,3572.89,5.87,5.87,72.67,21.89,17.78,72.67
191,2025-03-08,2025,3,8,5,Saturday,1,Spring,1,3684.47,6.15,6.15,71.56,22.58,18.34,71.56
192,2025-03-09,2025,3,9,6,Sunday,1,Spring,1,1442.27,6.13,6.13,28.13,8.84,7.18,28.13
193,2025-03-10,2025,3,10,0,Monday,1,Spring,0,3641.92,6.29,6.29,69.22,22.32,18.13,69.22
194,2025-03-11,2025,3,11,1,Tuesday,1,Spring,0,1677.32,2.81,2.81,71.18,10.28,8.35,71.18
195,2025-03-12,2025,3,12,2,Wednesday,1,Spring,0,3249.25,5.38,5.38,72.09,19.91,16.17,72.09
196,2025-03-13,2025,3,13,3,Thursday,1,Spring,0,3828.94,6.33,6.33,72.21,23.46,19.06,72.21
197,2025-03-14,2025,3,14,4,Friday,1,Spring,0,4071.51,6.9,6.9,70.52,24.95,20.27,70.52
198,2025-03-15,2025,3,15,5,Saturday,1,Spring,1,4225.51,7.16,7.16,70.47,25.89,21.03,70.47
199,2025-03-16,2025,3,16,6,Sunday,1,Spring,1,2956.07,6.51,6.51,54.27,18.11,14.71,54.27
200,2025-03-17,2025,3,17,0,Monday,1,Spring,0,3614.14,6.0,6.0,71.92,22.15,17.99,71.92
201,2025-03-18,2025,3,18,1,Tuesday,1,Spring,0,3611.0,6.22,6.22,69.35,22.13,17.97,69.35
202,2025-03-19,2025,3,19,2,Wednesday,1,Spring,0,3682.64,6.31,6.31,69.71,22.57,18.33,69.71
203,2025-03-20,2025,3,20,3,Thursday,1,Spring,0,3983.35,6.78,6.78,70.23,24.41,19.83,70.23
204,2025-03-21,2025,3,21,4,Friday,1,Spring,0,4119.7,6.91,6.91,71.22,25.24,20.51,71.22
205,2025-03-22,2025,3,22,5,Saturday,1,Spring,1,3648.11,5.95,5.95,73.21,22.35,18.16,73.21
206,2025-03-23,2025,3,23,6,Sunday,1,Spring,1,1403.86,5.41,5.41,31.03,8.6,6.99,31.03
207,2025-03-24,2025,3,24,0,Monday,1,Spring,0,3314.05,5.54,5.54,71.47,20.31,16.5,71.47
208,2025-03-25,2025,3,25,1,Tuesday,1,Spring,0,3787.07,6.27,6.27,72.18,23.21,18.85,72.18
209,2025-03-26,2025,3,26,2,Wednesday,1,Spring,0,3913.78,6.38,6.38,73.27,23.98,19.48,73.27
210,2025-03-27,2025,3,27,3,Thursday,1,Spring,0,8208.68,6.32,6.32,73.37333333333333,50.28,40.86000000000001,73.37333333333333
211,2025-03-28,2025,3,28,4,Friday,1,Spring,0,8208.68,5.89,6.35,73.47666666666666,50.28,40.86000000000001,73.47666666666666
212,2025-03-29,2025,3,29,5,Saturday,1,Spring,1,3833.35,6.22,6.22,73.58,23.49,19.08,73.58
213,2025-03-30,2025,3,30,6,Sunday,1,Spring,1,1590.34,5.93,5.93,32.02,9.74,7.92,32.02
214,2025-03-31,2025,3,31,0,Monday,1,Spring,0,1611.93,5.54,5.54,34.75,9.88,8.02,34.75
215,2025-04-01,2025,4,1,1,Tuesday,2,Spring,0,3364.1,6.14,6.14,65.42,20.61,16.74,65.42
216,2025-04-02,2025,4,2,2,Wednesday,2,Spring,0,3415.29,5.82,5.82,70.1,20.93,17.0,70.1
217,2025-04-03,2025,4,3,3,Thursday,2,Spring,0,1672.76,2.76,2.76,72.48,10.25,8.33,72.48
218,2025-04-04,2025,4,4,4,Friday,2,Spring,0,3757.14,6.14,6.14,73.08,23.02,18.7,73.08
219,2025-04-05,2025,4,5,5,Saturday,2,Spring,1,2709.06,4.5,4.5,71.87,16.6,13.48,71.87
220,2025-04-06,2025,4,6,6,Sunday,2,Spring,1,3215.77,5.82,5.82,66.05,19.7,16.01,66.05
221,2025-04-07,2025,4,7,0,Monday,2,Spring,0,3448.52,5.78,5.78,71.29,21.13,17.17,71.29
222,2025-04-08,2025,4,8,1,Tuesday,2,Spring,0,3776.68,6.15,6.15,73.3,23.14,18.8,73.3
223,2025-04-09,2025,4,9,2,Wednesday,2,Spring,0,3685.39,6.05,6.05,72.81,22.58,18.34,72.81
224,2025-04-10,2025,4,10,3,Thursday,2,Spring,0,1838.71,5.76,5.76,38.12,11.27,9.15,38.12
225,2025-04-11,2025,4,11,4,Friday,2,Spring,0,3324.92,5.37,5.37,73.97,20.37,16.55,73.97
226,2025-04-12,2025,4,12,5,Saturday,2,Spring,1,3731.42,6.06,6.06,73.52,22.86,18.57,73.52
227,2025-04-13,2025,4,13,6,Sunday,2,Spring,1,1454.78,5.34,5.34,32.56,8.91,7.24,32.56
228,2025-04-14,2025,4,14,0,Monday,2,Spring,0,2588.86,5.07,5.07,60.96,15.86,12.89,60.96
229,2025-04-15,2025,4,15,1,Tuesday,2,Spring,0,3412.53,5.69,5.69,71.62,20.91,16.99,71.62
230,2025-04-16,2025,4,16,2,Wednesday,2,Spring,0,2075.81,3.45,3.45,71.94,12.72,10.33,71.94
231,2025-04-17,2025,4,17,3,Thursday,2,Spring,0,3622.54,5.95,5.95,72.76,22.2,18.03,72.76
232,2025-04-18,2025,4,18,4,Friday,2,Spring,0,3472.19,5.61,5.61,73.96,21.28,17.28,73.96
233,2025-04-19,2025,4,19,5,Saturday,2,Spring,1,3560.46,5.89,5.89,72.25,21.82,17.72,72.25
234,2025-04-20,2025,4,20,6,Sunday,2,Spring,1,3201.02,6.19,6.19,61.76,19.61,15.93,61.76
235,2025-04-21,2025,4,21,0,Monday,2,Spring,0,3258.64,5.68,5.68,68.53,19.97,16.22,68.53
236,2025-04-22,2025,4,22,1,Tuesday,2,Spring,0,1734.96,3.78,3.78,54.87,10.63,8.64,54.87
237,2025-04-23,2025,4,23,2,Wednesday,2,Spring,0,3987.66,6.67,6.67,71.44,24.43,19.85,71.44
238,2025-04-24,2025,4,24,3,Thursday,2,Spring,0,3859.2,6.5,6.5,70.92,23.65,19.21,70.92
239,2025-04-25,2025,4,25,4,Friday,2,Spring,0,3861.34,6.62,6.62,69.68,23.66,19.22,69.68
240,2025-04-26,2025,4,26,5,Saturday,2,Spring,1,4001.21,6.64,6.64,71.93,24.52,19.92,71.93
241,2025-04-27,2025,4,27,6,Sunday,2,Spring,1,3612.61,6.25,6.25,69.08,22.14,17.98,69.08
242,2025-04-28,2025,4,28,0,Monday,2,Spring,0,2912.16,4.92,4.92,70.71,17.84,14.5,70.71
243,2025-04-29,2025,4,29,1,Tuesday,2,Spring,0,3527.82,5.78,5.78,72.93,21.62,17.56,72.93
244,2025-04-30,2025,4,30,2,Wednesday,2,Spring,0,3425.93,5.52,5.52,74.18,20.99,17.05,74.18
245,2025-05-01,2025,5,1,3,Thursday,2,Spring,0,2108.72,5.76,5.76,43.76,12.92,10.5,43.76
246,2025-05-02,2025,5,2,4,Friday,2,Spring,0,3581.98,5.85,5.85,73.21,21.95,17.83,73.21
247,2025-05-03,2025,5,3,5,Saturday,2,Spring,1,3664.67,5.89,5.89,74.38,22.46,18.24,74.38
248,2025-05-04,2025,5,4,6,Sunday,2,Spring,1,3344.76,5.23,5.23,76.47,20.49,16.65,76.47
249,2025-05-05,2025,5,5,0,Monday,2,Spring,0,3490.03,5.59,5.59,74.64,21.39,17.37,74.64
250,2025-05-06,2025,5,6,1,Tuesday,2,Spring,0,3710.13,6.1,6.1,72.67,22.73,18.47,72.67
251,2025-05-07,2025,5,7,2,Wednesday,2,Spring,0,3685.07,5.82,5.82,75.61,22.58,18.34,75.61
252,2025-05-08,2025,5,8,3,Thursday,2,Spring,0,3682.91,5.86,5.86,75.07,22.57,18.33,75.07
253,2025-05-09,2025,5,9,4,Friday,2,Spring,0,3888.19,6.19,6.19,75.07,23.82,19.35,75.07
254,2025-05-10,2025,5,10,5,Saturday,2,Spring,1,3511.56,5.62,5.62,74.71,21.52,17.48,74.71
255,2025-05-11,2025,5,11,6,Sunday,2,Spring,1,1808.84,4.12,4.12,52.5,11.08,9.0,52.5
256,2025-05-12,2025,5,12,0,Monday,2,Spring,0,3528.94,5.57,5.57,75.66,21.62,17.57,75.66
257,2025-05-13,2025,5,13,1,Tuesday,2,Spring,0,3082.69,4.88,4.88,75.4,18.89,15.34,75.4
258,2025-05-14,2025,5,14,2,Wednesday,2,Spring,0,3572.66,5.76,5.76,74.11,21.89,17.78,74.11
259,2025-05-15,2025,5,15,3,Thursday,2,Spring,0,3590.23,5.84,5.84,73.45,22.0,17.87,73.45
260,2025-05-16,2025,5,16,4,Friday,2,Spring,0,3458.89,5.5,5.5,75.2,21.19,17.22,75.2
261,2025-05-17,2025,5,17,5,Saturday,2,Spring,1,1947.16,3.11,3.11,74.75,11.93,9.69,74.75
262,2025-05-18,2025,5,18,6,Sunday,2,Spring,1,2411.15,4.1,4.1,70.22,14.77,12.0,70.22
263,2025-05-19,2025,5,19,0,Monday,2,Spring,0,1724.57,2.77,2.77,74.45,10.57,8.58,74.45
264,2025-05-20,2025,5,20,1,Tuesday,2,Spring,0,1753.53,2.79,2.79,75.14,10.74,8.73,75.14
265,2025-05-21,2025,5,21,2,Wednesday,2,Spring,0,3012.91,4.83,4.83,74.49,18.46,15.0,74.49
266,2025-05-22,2025,5,22,3,Thursday,2,Spring,0,2621.77,5.39,5.39,58.13,16.06,13.05,58.13
267,2025-05-23,2025,5,23,4,Friday,2,Spring,0,4010.27,6.43,6.43,74.56,24.57,19.96,74.56
268,2025-05-24,2025,5,24,5,Saturday,2,Spring,1,2787.96,4.57,4.57,72.85,17.08,13.88,72.85
269,2025-05-25,2025,5,25,6,Sunday,2,Spring,1,2349.16,4.66,4.66,60.27,14.39,11.69,60.27
270,2025-05-26,2025,5,26,0,Monday,2,Spring,0,2441.7,3.86,3.86,75.61,14.96,12.15,75.61
271,2025-05-27,2025,5,27,1,Tuesday,2,Spring,0,2526.66,4.19,4.19,72.0,15.48,12.58,72.0
272,2025-05-28,2025,5,28,2,Wednesday,2,Spring,0,2855.74,4.47,4.47,76.37,17.5,14.21,76.37
273,2025-05-29,2025,5,29,3,Thursday,2,Spring,0,1691.81,5.29,5.29,38.24,10.37,8.42,38.24
274,2025-05-30,2025,5,30,4,Friday,2,Spring,0,1841.39,2.98,2.98,73.92,11.28,9.17,73.92
275,2025-05-31,2025,5,31,5,Saturday,2,Spring,1,2563.53,5.48,5.48,55.87,15.71,12.76,55.87
276,2025-06-01,2025,6,1,6,Sunday,2,Summer,1,1527.48,6.31,6.31,28.91,9.36,7.6,28.91
277,2025-06-02,2025,6,2,0,Monday,2,Summer,0,4225.81,6.2,6.2,81.47,25.89,21.03,81.47
278,2025-06-03,2025,6,3,1,Tuesday,2,Summer,0,3697.51,5.91,5.91,74.79,22.66,18.4,74.79
279,2025-06-04,2025,6,4,2,Wednesday,2,Summer,0,3847.85,6.0,6.0,76.66,23.58,19.15,76.66
280,2025-06-05,2025,6,5,3,Thursday,2,Summer,0,3884.99,6.16,6.16,75.29,23.81,19.34,75.29
281,2025-06-06,2025,6,6,4,Friday,2,Summer,0,3520.7,5.96,5.96,70.57,21.57,17.52,70.57
282,2025-06-07,2025,6,7,5,Saturday,2,Summer,1,2175.37,4.89,4.89,53.13,13.33,10.83,53.13
283,2025-06-08,2025,6,8,6,Sunday,2,Summer,1,1685.4,5.41,5.41,37.24,10.33,8.39,37.24
284,2025-06-09,2025,6,9,0,Monday,2,Summer,0,3219.66,5.0,5.0,76.95,19.73,16.03,76.95
285,2025-06-10,2025,6,10,1,Tuesday,2,Summer,0,3457.23,5.31,5.31,77.76,21.18,17.21,77.76
286,2025-06-11,2025,6,11,2,Wednesday,2,Summer,0,2427.58,3.81,3.81,76.08,14.87,12.08,76.08
287,2025-06-12,2025,6,12,3,Thursday,2,Summer,0,3213.57,5.1,5.1,75.29,19.69,16.0,75.29
288,2025-06-13,2025,6,13,4,Friday,2,Summer,0,3672.18,5.83,5.83,75.3,22.5,18.28,75.3
289,2025-06-14,2025,6,14,5,Saturday,2,Summer,1,3915.22,6.19,6.19,75.52,23.99,19.49,75.52
290,2025-06-15,2025,6,15,6,Sunday,2,Summer,1,1027.91,5.25,5.25,23.38,6.3,5.12,23.38
291,2025-06-16,2025,6,16,0,Monday,2,Summer,0,5048.37,4.61,5.72,49.8,30.93,25.13,49.8
292,2025-06-17,2025,6,17,1,Tuesday,2,Summer,0,3535.21,5.54,5.54,76.22,21.66,17.6,76.22
293,2025-06-18,2025,6,18,2,Wednesday,2,Summer,0,3886.84,6.11,6.11,75.97,23.82,19.35,75.97
294,2025-06-19,2025,6,19,3,Thursday,2,Summer,0,3398.57,5.35,5.35,75.83,20.82,16.92,75.83
295,2025-06-20,2025,6,20,4,Friday,2,Summer,0,3989.56,6.37,6.37,74.82,24.45,19.86,74.82
296,2025-06-21,2025,6,21,5,Saturday,2,Summer,1,1677.8,4.0,4.0,50.11,10.28,8.35,50.11
297,2025-06-22,2025,6,22,6,Sunday,2,Summer,1,868.51,4.16,4.16,24.93,5.32,4.32,24.93
298,2025-06-23,2025,6,23,0,Monday,2,Summer,0,782.72,3.24,3.24,28.84,4.8,3.9,28.84
299,2025-06-24,2025,6,24,1,Tuesday,2,Summer,0,6397.4,4.64,3.7,52.39999999999999,39.2,31.84,52.39999999999999
300,2025-06-25,2025,6,25,2,Wednesday,2,Summer,0,2153.1,3.39,3.39,75.96,13.19,10.72,75.96
301,2025-06-26,2025,6,26,3,Thursday,2,Summer,0,3089.11,4.87,4.87,75.84,18.93,15.38,75.84
302,2025-06-27,2025,6,27,4,Friday,2,Summer,0,3982.25,6.25,6.25,76.1,24.4,19.82,76.1
303,2025-06-28,2025,6,28,5,Saturday,2,Summer,1,3358.72,5.32,5.32,75.36,20.58,16.72,75.36
304,2025-06-29,2025,6,29,6,Sunday,2,Summer,1,3627.76,5.99,5.99,72.39,22.23,18.06,72.39
305,2025-06-30,2025,6,30,0,Monday,2,Summer,0,3118.96,4.92,4.92,75.76,19.11,15.52,75.76
306,2025-07-01,2025,7,1,1,Tuesday,3,Summer,0,2986.4,4.87,4.87,73.26,18.3,14.86,73.26
307,2025-07-02,2025,7,2,2,Wednesday,3,Summer,0,2449.32,3.89,3.89,75.12,15.01,12.19,75.12
308,2025-07-03,2025,7,3,3,Thursday,3,Summer,0,2157.62,3.44,3.44,74.95,13.22,10.74,74.95
309,2025-07-04,2025,7,4,4,Friday,3,Summer,0,2844.13,4.46,4.46,76.2,17.43,14.16,76.2
310,2025-07-05,2025,7,5,5,Saturday,3,Summer,1,3779.54,6.01,6.01,75.16,23.16,18.81,75.16
311,2025-07-06,2025,7,6,6,Sunday,3,Summer,1,3491.1,5.55,5.55,75.21,21.39,17.38,75.21
312,2025-07-07,2025,7,7,0,Monday,3,Summer,0,3428.56,5.44,5.44,75.22,21.01,17.07,75.22
313,2025-07-08,2025,7,8,1,Tuesday,3,Summer,0,3524.15,5.49,5.49,76.66,21.59,17.54,76.66
314,2025-07-09,2025,7,9,2,Wednesday,3,Summer,0,3680.96,5.68,5.68,77.46,22.55,18.32,77.46
315,2025-07-10,2025,7,10,3,Thursday,3,Summer,0,3431.03,5.49,5.49,74.64,21.02,17.08,74.64
316,2025-07-11,2025,7,11,4,Friday,3,Summer,0,3616.44,5.59,5.59,77.27,22.16,18.0,77.27
317,2025-07-12,2025,7,12,5,Saturday,3,Summer,1,3708.32,5.75,5.75,77.07,22.72,18.46,77.07
318,2025-07-13,2025,7,13,6,Sunday,3,Summer,1,2369.23,5.66,5.66,50.0,14.52,11.79,50.0
319,2025-07-14,2025,7,14,0,Monday,3,Summer,0,3581.08,5.54,5.54,77.21,21.94,17.82,77.21
320,2025-07-15,2025,7,15,1,Tuesday,3,Summer,0,3365.32,5.21,5.21,77.22,20.62,16.75,77.22
321,2025-07-16,2025,7,16,2,Wednesday,3,Summer,0,3814.23,5.9,5.9,77.28,23.37,18.99,77.28
322,2025-07-17,2025,7,17,3,Thursday,3,Summer,0,2823.7,5.1,5.1,66.19,17.3,14.05,66.19
323,2025-07-18,2025,7,18,4,Friday,3,Summer,0,2878.0,4.42,4.42,77.85,17.63,14.33,77.85
324,2025-07-19,2025,7,19,5,Saturday,3,Summer,1,2195.34,3.42,3.42,76.57,13.45,10.93,76.57
325,2025-07-20,2025,7,20,6,Sunday,3,Summer,1,1592.14,2.72,2.72,69.95,9.76,7.92,69.95
326,2025-07-21,2025,7,21,0,Monday,3,Summer,0,1870.06,2.77,2.77,80.62,11.46,9.31,80.62
327,2025-07-22,2025,7,22,1,Tuesday,3,Summer,0,1880.47,3.22,3.22,69.76,11.52,9.36,69.76
328,2025-07-23,2025,7,23,2,Wednesday,3,Summer,0,2113.3,3.33,3.33,75.86,12.95,10.52,75.86
329,2025-07-24,2025,7,24,3,Thursday,3,Summer,0,2451.31,4.15,4.15,70.53,15.02,12.2,70.53
330,2025-07-25,2025,7,25,4,Friday,3,Summer,0,1676.12,2.68,2.68,74.71,10.27,8.34,74.71
331,2025-07-26,2025,7,26,5,Saturday,3,Summer,1,2876.22,4.49,4.49,76.52,17.62,14.32,76.52
332,2025-07-27,2025,7,27,6,Sunday,3,Summer,1,3474.11,5.64,5.64,73.61,21.29,17.29,73.61
333,2025-07-28,2025,7,28,0,Monday,3,Summer,0,3305.08,5.29,5.29,74.64,20.25,16.45,74.64
334,2025-07-29,2025,7,29,1,Tuesday,3,Summer,0,3375.08,6.03,6.03,66.86,20.68,16.8,66.86
335,2025-07-30,2025,7,30,2,Wednesday,3,Summer,0,3446.65,5.86,5.86,70.31,21.12,17.16,70.31
336,2025-07-31,2025,7,31,3,Thursday,3,Summer,0,3132.35,5.36,5.36,69.76,19.19,15.59,69.76
337,2025-08-01,2025,8,1,4,Friday,3,Summer,0,3417.57,5.84,5.84,69.88,20.94,17.01,69.88
338,2025-08-02,2025,8,2,5,Saturday,3,Summer,1,3663.39,5.87,5.87,74.55,22.45,18.23,74.55
339,2025-08-03,2025,8,3,6,Sunday,3,Summer,1,2698.44,4.25,4.25,75.87,16.53,13.43,75.87
340,2025-08-04,2025,8,4,0,Monday,3,Summer,0,3302.84,5.54,5.54,71.26,20.24,16.44,71.26
341,2025-08-05,2025,8,5,1,Tuesday,3,Summer,0,2936.73,5.43,5.43,64.58,17.99,14.62,64.58
342,2025-08-06,2025,8,6,2,Wednesday,3,Summer,0,2891.71,5.71,5.71,60.45,17.72,14.39,60.45
343,2025-08-07,2025,8,7,3,Thursday,3,Summer,0,3446.09,5.8,5.8,70.97,21.12,17.15,70.97
344,2025-08-08,2025,8,8,4,Friday,3,Summer,0,2117.52,3.79,3.79,66.83,12.98,10.54,66.83
345,2025-08-09,2025,8,9,5,Saturday,3,Summer,1,1898.75,3.04,3.04,74.64,11.63,9.45,74.64
346,2025-08-10,2025,8,10,6,Sunday,3,Summer,1,2780.0,4.83,4.83,68.83,17.03,13.84,68.83
347,2025-08-11,2025,8,11,0,Monday,3,Summer,0,2550.27,4.41,4.41,69.0,15.63,12.69,69.0
348,2025-08-12,2025,8,12,1,Tuesday,3,Summer,0,1394.84,2.27,2.27,73.53,8.55,6.94,73.53
349,2025-08-13,2025,8,13,2,Wednesday,3,Summer,0,1357.58,2.26,2.26,71.82,8.32,6.76,71.82
350,2025-08-14,2025,8,14,3,Thursday,3,Summer,0,2717.09,4.24,4.24,76.61,16.65,13.52,76.61
351,2025-08-15,2025,8,15,4,Friday,3,Summer,0,2672.24,5.52,5.52,57.83,16.37,13.3,57.83
352,2025-08-16,2025,8,16,5,Saturday,3,Summer,1,2081.06,3.73,3.73,66.65,12.75,10.36,66.65
353,2025-08-17,2025,8,17,6,Sunday,3,Summer,1,1795.2,2.85,2.85,75.33,11.0,8.94,75.33
354,2025-08-18,2025,8,18,0,Monday,3,Summer,0,2583.65,4.07,4.07,75.76,15.83,12.86,75.76
355,2025-08-19,2025,8,19,1,Tuesday,3,Summer,0,3011.24,4.92,4.92,73.1,18.45,14.99,73.1
356,2025-08-20,2025,8,20,2,Wednesday,3,Summer,0,4003.16,6.51,6.51,73.44,24.53,19.93,73.44
357,2025-08-21,2025,8,21,3,Thursday,3,Summer,0,3746.86,3.77,5.72,73.55,22.96,18.65,78.3
358,2025-08-22,2025,8,22,4,Friday,3,Summer,0,3389.88,5.5,5.5,73.66,20.77,16.87,73.66
359,2025-08-23,2025,8,23,5,Saturday,3,Summer,1,2503.01,4.29,4.29,69.76,15.34,12.46,69.76
360,2025-08-24,2025,8,24,6,Sunday,3,Summer,1,4107.21,6.67,6.67,73.51,25.17,20.44,73.51
361,2025-08-25,2025,8,25,0,Monday,3,Summer,0,3363.65,5.5,5.5,73.02,20.61,16.74,73.02
362,2025-08-26,2025,8,26,1,Tuesday,3,Summer,0,3138.41,5.18,5.18,72.43,19.23,15.62,72.43
363,2025-08-27,2025,8,27,2,Wednesday,3,Summer,0,2696.92,4.36,4.36,73.96,16.53,13.42,73.96
364,2025-08-28,2025,8,28,3,Thursday,3,Summer,0,2496.8,3.89,3.89,76.73,15.3,12.43,76.73
365,2025-08-29,2025,8,29,4,Friday,3,Summer,0,3993.89,6.51,6.51,73.28,24.47,19.88,73.28
366,2025-08-30,2025,8,30,5,Saturday,3,Summer,1,3596.39,6.19,6.19,69.41,22.04,17.9,69.41
367,2025-08-31,2025,8,31,6,Sunday,3,Summer,1,2569.07,4.1,4.1,74.84,15.74,12.79,74.84
368,2025-09-01,2025,9,1,0,Monday,3,Autumn,0,2004.93,3.13,3.13,76.57,12.29,9.98,76.57
369,2025-09-02,2025,9,2,1,Tuesday,3,Autumn,0,3273.88,5.12,5.12,76.43,20.06,16.3,76.43
370,2025-09-03,2025,9,3,2,Wednesday,3,Autumn,0,2346.88,3.85,3.85,72.84,14.38,11.68,72.84
371,2025-09-04,2025,9,4,3,Thursday,3,Autumn,0,3183.33,5.11,5.11,74.4,19.51,15.85,74.4
372,2025-09-05,2025,9,5,4,Friday,3,Autumn,0,3077.36,5.28,5.28,69.63,18.86,15.32,69.63
373,2025-09-06,2025,9,6,5,Saturday,3,Autumn,1,3381.26,6.43,6.43,62.78,20.72,16.83,62.78
374,2025-09-07,2025,9,7,6,Sunday,3,Autumn,1,1959.74,5.73,5.73,40.89,12.01,9.75,40.89
375,2025-09-08,2025,9,8,0,Monday,3,Autumn,0,3530.87,6.02,6.02,70.08,21.64,17.57,70.08
376,2025-09-09,2025,9,9,1,Tuesday,3,Autumn,0,3605.88,6.0,6.0,71.79,22.09,17.95,71.79
377,2025-09-10,2025,9,10,2,Wednesday,3,Autumn,0,3624.8,6.13,6.13,70.7,22.21,18.04,70.7
378,2025-09-11,2025,9,11,3,Thursday,3,Autumn,0,2840.51,4.59,4.59,73.88,17.41,14.14,73.88
379,2025-09-12,2025,9,12,4,Friday,3,Autumn,0,2893.58,4.65,4.65,74.29,17.73,14.4,74.29
380,2025-09-13,2025,9,13,5,Saturday,3,Autumn,1,1096.94,1.8,1.8,72.96,6.72,5.46,72.96
381,2025-09-14,2025,9,14,6,Sunday,3,Autumn,1,229.7,5.5,3.22,66.85,1.41,1.14,66.85
382,2025-09-15,2025,9,15,0,Monday,3,Autumn,0,2994.44,5.89,5.89,60.74,18.35,14.9,60.74
383,2025-09-16,2025,9,16,1,Tuesday,3,Autumn,0,2582.01,4.33,4.33,71.28,15.82,12.85,71.28
384,2025-09-17,2025,9,17,2,Wednesday,3,Autumn,0,3229.88,5.46,5.46,70.71,19.79,16.08,70.71
385,2025-09-18,2025,9,18,3,Thursday,3,Autumn,0,3877.41,6.4,6.4,72.4,23.76,19.3,72.4
386,2025-09-19,2025,9,19,4,Friday,3,Autumn,0,1925.65,3.04,3.04,75.75,11.8,9.58,75.75
387,2025-09-20,2025,9,20,5,Saturday,3,Autumn,1,2332.41,4.01,4.01,69.45,14.29,11.61,69.45
388,2025-09-21,2025,9,21,6,Sunday,3,Autumn,1,2031.56,3.33,3.33,72.97,12.45,10.11,72.97
389,2025-09-22,2025,9,22,0,Monday,3,Autumn,0,2974.71,4.77,4.77,74.58,18.23,14.81,74.58
390,2025-09-23,2025,9,23,1,Tuesday,3,Autumn,0,2646.86,4.32,4.32,73.24,16.22,13.17,73.24
391,2025-09-24,2025,9,24,2,Wednesday,3,Autumn,0,3126.35,5.24,5.24,71.22,19.16,15.56,71.22
392,2025-09-25,2025,9,25,3,Thursday,3,Autumn,0,3906.7,6.63,6.63,70.36,23.94,19.45,70.36
393,2025-09-26,2025,9,26,4,Friday,3,Autumn,0,3188.31,5.33,5.33,71.51,19.54,15.87,71.51
394,2025-09-27,2025,9,27,5,Saturday,3,Autumn,1,3591.45,6.14,6.14,69.85,22.01,17.88,69.85
395,2025-09-28,2025,9,28,6,Sunday,3,Autumn,1,3300.38,5.7,5.7,69.21,20.22,16.43,69.21
396,2025-09-29,2025,9,29,0,Monday,3,Autumn,0,2218.02,3.63,3.63,73.07,13.59,11.04,73.07
397,2025-09-30,2025,9,30,1,Tuesday,3,Autumn,0,2432.53,3.88,3.88,74.8,14.91,12.11,74.8
398,2025-10-01,2025,10,1,2,Wednesday,4,Autumn,0,2062.84,3.42,3.42,71.97,12.64,10.27,71.97
399,2025-10-02,2025,10,2,3,Thursday,4,Autumn,0,1337.91,4.56,4.56,35.06,8.2,6.66,35.06
400,2025-10-03,2025,10,3,4,Friday,4,Autumn,0,2366.94,3.91,3.91,72.35,14.5,11.78,72.35
401,2025-10-04,2025,10,4,5,Saturday,4,Autumn,1,3931.26,6.83,6.83,68.78,24.09,19.57,68.78
402,2025-10-05,2025,10,5,6,Sunday,4,Autumn,1,1600.76,6.06,6.06,31.53,9.81,7.97,31.53
403,2025-10-06,2025,10,6,0,Monday,4,Autumn,0,3010.24,5.0,5.0,71.95,18.45,14.98,71.95
404,2025-10-07,2025,10,7,1,Tuesday,4,Autumn,0,3441.72,5.8,5.8,70.92,21.09,17.13,70.92
405,2025-10-08,2025,10,8,2,Wednesday,4,Autumn,0,2709.37,4.71,4.71,68.79,16.6,13.49,68.79
406,2025-10-09,2025,10,9,3,Thursday,4,Autumn,0,3349.21,5.58,5.58,71.77,20.52,16.67,71.77
407,2025-10-10,2025,10,10,4,Friday,4,Autumn,0,2855.56,4.62,4.62,73.85,17.5,14.21,73.85
408,2025-10-11,2025,10,11,5,Saturday,4,Autumn,1,3143.18,5.18,5.18,72.45,19.26,15.65,72.45
409,2025-10-12,2025,10,12,6,Sunday,4,Autumn,1,2623.52,4.2,4.2,74.69,16.08,13.06,74.69
410,2025-10-13,2025,10,13,0,Monday,4,Autumn,0,3229.36,5.27,5.27,73.19,19.79,16.07,73.19
411,2025-10-14,2025,10,14,1,Tuesday,4,Autumn,0,3024.3,5.38,5.38,67.1,18.53,15.05,67.1
412,2025-10-15,2025,10,15,2,Wednesday,4,Autumn,0,2288.38,3.86,3.86,70.8,14.02,11.39,70.8
413,2025-10-16,2025,10,16,3,Thursday,4,Autumn,0,3097.26,5.23,5.23,70.72,18.98,15.42,70.72
414,2025-10-17,2025,10,17,4,Friday,4,Autumn,0,1977.06,3.28,3.28,72.05,12.11,9.84,72.05
415,2025-10-18,2025,10,18,5,Saturday,4,Autumn,1,881.07,1.57,1.57,67.13,5.4,4.39,67.13
416,2025-10-19,2025,10,19,6,Sunday,4,Autumn,1,2099.84,3.44,3.44,72.84,12.87,10.45,72.84
417,2025-10-20,2025,10,20,0,Monday,4,Autumn,0,1836.74,3.23,3.23,67.97,11.25,9.14,67.97
418,2025-10-21,2025,10,21,1,Tuesday,4,Autumn,0,562.18,0.97,0.97,69.52,3.44,2.8,69.52
419,2025-10-22,2025,10,22,2,Wednesday,4,Autumn,0,2381.83,4.07,4.07,69.93,14.59,11.86,69.93
420,2025-10-23,2025,10,23,3,Thursday,4,Autumn,0,2825.98,4.8,4.8,70.26,17.32,14.07,70.26
421,2025-10-24,2025,10,24,4,Friday,4,Autumn,0,963.35,1.61,1.61,71.39,5.9,4.8,71.39
422,2025-10-25,2025,10,25,5,Saturday,4,Autumn,1,2285.96,3.65,3.65,74.88,14.01,11.38,74.88
423,2025-10-26,2025,10,26,6,Sunday,4,Autumn,1,2209.41,3.52,3.52,74.96,13.54,11.0,74.96
424,2025-10-27,2025,10,27,0,Monday,4,Autumn,0,666.75,1.13,1.13,70.74,4.09,3.32,70.74
425,2025-10-28,2025,10,28,1,Tuesday,4,Autumn,0,224.85,0.43,0.43,61.89,1.38,1.12,61.89
426,2025-10-29,2025,10,29,2,Wednesday,4,Autumn,0,3552.23,6.11,6.11,69.51,21.77,17.68,69.51
427,2025-10-30,2025,10,30,3,Thursday,4,Autumn,0,3747.44,6.47,6.47,69.23,22.96,18.65,69.23
428,2025-10-31,2025,10,31,4,Friday,4,Autumn,0,3691.37,6.38,6.38,69.13,22.62,18.37,69.13
429,2025-11-01,2025,11,1,5,Saturday,4,Autumn,1,3222.86,5.48,5.48,70.2,19.75,16.04,70.2
430,2025-11-02,2025,11,2,6,Sunday,4,Autumn,1,1739.72,5.7,5.7,36.45,10.66,8.66,36.45
431,2025-11-03,2025,11,3,0,Monday,4,Autumn,0,2495.6,4.15,4.15,71.84,15.29,12.42,71.84
432,2025-11-04,2025,11,4,1,Tuesday,4,Autumn,0,1689.79,2.87,2.87,70.24,10.35,8.41,70.24
433,2025-11-05,2025,11,5,2,Wednesday,4,Autumn,0,3310.42,5.61,5.61,70.56,20.28,16.48,70.56
434,2025-11-06,2025,11,6,3,Thursday,4,Autumn,0,1684.26,2.77,2.77,72.66,10.32,8.38,72.66
435,2025-11-07,2025,11,7,4,Friday,4,Autumn,0,2314.49,3.85,3.85,71.89,14.18,11.52,71.89
436,2025-11-08,2025,11,8,5,Saturday,4,Autumn,1,3074.99,5.57,5.57,65.99,18.84,15.31,65.99
437,2025-11-09,2025,11,9,6,Sunday,4,Autumn,1,2050.91,4.13,4.13,59.39,12.57,10.21,59.39
438,2025-11-10,2025,11,10,0,Monday,4,Autumn,0,3565.8,4.72,4.72,90.23,21.85,17.75,90.23
439,2025-11-11,2025,11,11,1,Tuesday,4,Autumn,0,2305.44,3.85,3.85,71.57,14.13,11.48,71.57
440,2025-11-12,2025,11,12,2,Wednesday,4,Autumn,0,2467.48,4.66,4.66,63.27,15.12,12.28,63.27
441,2025-11-13,2025,11,13,3,Thursday,4,Autumn,0,1421.0,2.06,2.06,82.28,8.71,7.07,82.28
442,2025-11-14,2025,11,14,4,Friday,4,Autumn,0,2799.62,4.65,4.65,71.86,17.15,13.94,71.86
443,2025-11-15,2025,11,15,5,Saturday,4,Autumn,1,1889.66,3.05,3.05,74.06,11.58,9.41,74.06
444,2025-11-16,2025,11,16,6,Sunday,4,Autumn,1,1583.53,2.59,2.59,73.18,9.7,7.88,73.18
445,2025-11-17,2025,11,17,0,Monday,4,Autumn,0,732.67,1.11,1.11,78.57,4.49,3.65,78.57
446,2025-11-18,2025,11,18,1,Tuesday,4,Autumn,0,1908.83,3.08,3.08,74.01,11.7,9.5,74.01
447,2025-11-19,2025,11,19,2,Wednesday,4,Autumn,0,2820.74,4.49,4.49,75.01,17.28,14.04,75.01
448,2025-11-20,2025,11,20,3,Thursday,4,Autumn,0,1868.22,2.95,2.95,75.55,11.45,9.3,75.55
449,2025-11-21,2025,11,21,4,Friday,4,Autumn,0,2773.19,4.71,4.71,70.28,16.99,13.8,70.28
450,2025-11-22,2025,11,22,5,Saturday,4,Autumn,1,2888.26,4.87,4.87,70.91,17.7,14.38,70.91
451,2025-11-23,2025,11,23,6,Sunday,4,Autumn,1,1387.61,2.25,2.25,73.71,8.5,6.91,73.71
452,2025-11-24,2025,11,24,0,Monday,4,Autumn,0,1500.06,2.35,2.35,76.25,9.19,7.47,76.25
453,2025-11-25,2025,11,25,1,Tuesday,4,Autumn,0,2358.51,3.89,3.89,72.5,14.45,11.74,72.5
454,2025-11-26,2025,11,26,2,Wednesday,4,Autumn,0,2259.34,3.69,3.69,73.16,13.84,11.25,73.16
455,2025-11-27,2025,11,27,3,Thursday,4,Autumn,0,2608.39,4.13,4.13,75.39,15.98,12.98,75.39
456,2025-11-28,2025,11,28,4,Friday,4,Autumn,0,2335.72,3.74,3.74,74.57,14.31,11.63,74.57
457,2025-11-29,2025,11,29,5,Saturday,4,Autumn,1,808.32,1.32,1.32,72.93,4.95,4.02,72.93
458,2025-11-30,2025,11,30,6,Sunday,4,Autumn,1,885.05,1.47,1.47,72.12,5.42,4.41,72.12
459,2025-12-01,2025,12,1,0,Monday,4,Winter,0,1132.44,1.85,1.85,73.09,6.94,5.64,73.09
460,2025-12-02,2025,12,2,1,Tuesday,4,Winter,0,346.87,0.65,0.65,63.85,2.13,1.73,63.85
461,2025-12-03,2025,12,3,2,Wednesday,4,Winter,0,693.4,1.38,1.38,60.2,4.25,3.45,60.2
462,2025-12-04,2025,12,4,3,Thursday,4,Winter,0,8208.68,2.88,1.01,61.775000000000006,50.28,40.86000000000001,61.775000000000006
463,2025-12-05,2025,12,5,4,Friday,4,Winter,0,1318.39,2.49,2.49,63.35,8.08,6.56,63.35
464,2025-12-06,2025,12,6,5,Saturday,4,Winter,1,894.14,3.15,3.15,33.94,5.48,4.45,33.94
465,2025-12-07,2025,12,7,6,Sunday,4,Winter,1,636.24,2.79,2.79,27.27,3.9,3.17,27.27
466,2025-12-08,2025,12,8,0,Monday,4,Winter,0,938.7,4.33,4.33,25.91,5.75,4.67,25.91
467,2025-12-09,2025,12,9,1,Tuesday,4,Winter,0,5042.05,4.27,3.56,49.18000000000001,30.89,25.1,49.18000000000001
468,2025-12-10,2025,12,10,2,Wednesday,4,Winter,0,2601.71,4.29,4.29,72.45,15.94,12.95,72.45
469,2025-12-11,2025,12,11,3,Thursday,4,Winter,0,2774.01,4.68,4.68,70.78,17.0,13.81,70.78
470,2025-12-12,2025,12,12,4,Friday,4,Winter,0,2858.54,5.16,5.16,66.2,17.52,14.23,66.2
471,2025-12-13,2025,12,13,5,Saturday,4,Winter,1,2763.49,4.73,4.73,69.74,16.93,13.76,69.74
472,2025-12-14,2025,12,14,6,Sunday,4,Winter,1,2556.18,4.29,4.29,71.25,15.66,12.72,71.25
473,2025-12-15,2025,12,15,0,Monday,4,Winter,0,2645.53,4.46,4.46,70.88,16.21,13.17,70.88
474,2025-12-16,2025,12,16,1,Tuesday,4,Winter,0,1063.78,1.7,1.7,74.8,6.52,5.29,74.8
475,2025-12-17,2025,12,17,2,Wednesday,4,Winter,0,2437.96,4.27,4.27,68.22,14.94,12.13,68.22
476,2025-12-18,2025,12,18,3,Thursday,4,Winter,0,2283.63,3.76,3.76,72.5,13.99,11.37,72.5
477,2025-12-19,2025,12,19,4,Friday,4,Winter,0,2422.68,4.31,4.31,67.15,14.84,12.06,67.15
478,2025-12-20,2025,12,20,5,Saturday,4,Winter,1,2620.97,4.35,4.35,71.91,16.06,13.05,71.91
479,2025-12-21,2025,12,21,6,Sunday,4,Winter,1,2318.77,3.75,3.75,73.77,14.21,11.54,73.77
480,2025-12-22,2025,12,22,0,Monday,4,Winter,0,2361.99,4.26,4.26,66.22,14.47,11.76,66.22
481,2025-12-23,2025,12,23,1,Tuesday,4,Winter,0,2107.86,4.45,4.45,56.62,12.92,10.49,56.62
482,2025-12-24,2025,12,24,2,Wednesday,4,Winter,0,1991.55,3.32,3.32,71.66,12.2,9.91,71.66
483,2025-12-25,2025,12,25,3,Thursday,4,Winter,0,1339.91,2.1,2.1,76.33,8.21,6.67,76.33
484,2025-12-26,2025,12,26,4,Friday,4,Winter,0,1878.02,3.06,3.06,73.39,11.51,9.35,73.39
485,2025-12-27,2025,12,27,5,Saturday,4,Winter,1,2278.33,4.22,4.22,64.45,13.96,11.34,64.45
486,2025-12-28,2025,12,28,6,Sunday,4,Winter,1,1951.68,4.99,4.99,46.77,11.96,9.71,46.77
487,2025-12-29,2025,12,29,0,Monday,4,Winter,0,2501.95,4.33,4.33,69.07,15.33,12.45,69.07
488,2025-12-30,2025,12,30,1,Tuesday,4,Winter,0,2290.33,4.05,4.05,67.51,14.03,11.4,67.51
489,2025-12-31,2025,12,31,2,Wednesday,4,Winter,0,1556.68,2.59,2.59,71.94,9.54,7.75,71.94
490,2026-01-01,2026,1,1,3,Thursday,1,Winter,0,713.02,3.13,3.13,27.26,4.37,3.55,27.26
491,2026-01-02,2026,1,2,4,Friday,1,Winter,0,2427.2,4.17,4.17,69.52,14.87,12.08,69.52
492,2026-01-03,2026,1,3,5,Saturday,1,Winter,1,2150.5,4.71,4.71,54.5,13.18,10.7,54.5
493,2026-01-04,2026,1,4,6,Sunday,1,Winter,1,989.7,4.08,4.08,28.98,6.06,4.93,28.98
494,2026-01-05,2026,1,5,0,Monday,1,Winter,0,2686.89,4.46,4.46,71.9,16.46,13.37,71.9
495,2026-01-06,2026,1,6,1,Tuesday,1,Winter,0,2417.77,4.0,4.0,72.21,14.81,12.03,72.21
496,2026-01-07,2026,1,7,2,Wednesday,1,Winter,0,2594.37,4.64,4.64,66.72,15.9,12.91,66.72
497,2026-01-08,2026,1,8,3,Thursday,1,Winter,0,3047.33,5.14,5.14,70.78,18.67,15.17,70.78
498,2026-01-09,2026,1,9,4,Friday,1,Winter,0,995.45,1.65,1.65,71.94,6.1,4.95,71.94
499,2026-01-10,2026,1,10,5,Saturday,1,Winter,1,1182.26,1.95,1.95,72.5,7.24,5.88,72.5
500,2026-01-11,2026,1,11,6,Sunday,1,Winter,1,702.67,1.19,1.19,70.66,4.31,3.5,70.66
501,2026-01-12,2026,1,12,0,Monday,1,Winter,0,964.63,1.59,1.59,72.61,5.91,4.8,72.61
502,2026-01-13,2026,1,13,1,Tuesday,1,Winter,0,2938.75,5.11,5.11,68.77,18.01,14.63,68.77
503,2026-01-14,2026,1,14,2,Wednesday,1,Winter,0,2490.48,4.19,4.19,70.99,15.26,12.4,70.99
504,2026-01-15,2026,1,15,3,Thursday,1,Winter,0,1188.91,5.21,5.21,27.26,7.29,5.92,27.26
505,2026-01-16,2026,1,16,4,Friday,1,Winter,0,1051.38,4.74,4.74,26.53,6.44,5.23,26.53
506,2026-01-17,2026,1,17,5,Saturday,1,Winter,1,1024.6,4.78,4.78,25.62,6.28,5.1,25.62
507,2026-01-18,2026,1,18,6,Sunday,1,Winter,1,1161.38,5.81,5.81,23.88,7.12,5.78,23.88
508,2026-01-19,2026,1,19,0,Monday,1,Winter,0,3140.38,5.41,5.41,69.36,19.24,15.63,69.36
509,2026-01-20,2026,1,20,1,Tuesday,1,Winter,0,3050.29,5.36,5.36,68.01,18.69,15.18,68.01
