no._x,date,day_gen_kwh,radiation_sensor-day_ins_kwh/m2/day_x,radiation_sensor-day_pr_%_x,no._y,day_gen__kwh,cuf_on_ac_capacity_%,cuf_on_dc_capacity_%,radiation_sensor-day_ins_kwh/m2/day_y,radiation_sensor-day_pr_%_y,adj_radiation_sensor-day_ins_kwh/m2/day,adj_radiation_sensor-day_pr_%,hour,day,month,year
1,2024-08-30,265.28,0.4,80.03,1,265.28,1.63,1.32,0.4,80.03,0.4,80.03,0,30,8,2024
2,2024-08-31,2988.07,4.6,77.68,2,2988.07,18.31,14.87,4.6,77.68,4.6,77.68,0,31,8,2024
3,2024-09-01,1625.85,4.42,43.97,3,1625.85,9.96,8.09,4.42,43.97,4.42,43.97,0,1,9,2024
4,2024-09-02,3446.38,5.89,69.95,4,3446.38,21.12,17.15,5.89,69.95,5.89,69.95,0,2,9,2024
5,2024-09-03,1993.12,3.07,77.43,5,1993.12,12.21,9.92,3.07,77.43,3.07,77.43,0,3,9,2024
6,2024-09-04,1749.21,2.71,76.99,6,1749.21,10.72,8.71,2.71,76.99,2.71,76.99,0,4,9,2024
7,2024-09-05,3692.9,5.75,76.75,7,3692.9,22.63,18.38,5.75,76.75,5.75,76.75,0,5,9,2024
8,2024-09-06,1960.18,3.0,78.03,8,1960.18,12.01,9.76,3.0,78.03,3.0,78.03,0,6,9,2024
9,2024-09-07,1106.3,4.16,31.75,9,1106.3,6.78,5.51,4.16,31.75,4.16,31.75,0,7,9,2024
10,2024-09-08,620.42,2.56,28.99,10,620.42,3.8,3.09,2.56,28.99,2.56,28.99,0,8,9,2024
11,2024-09-09,2379.46,3.92,72.55,11,2379.46,14.58,11.84,3.92,72.55,3.92,72.55,0,9,9,2024
12,2024-09-10,4250.46,6.81,74.55,12,4250.46,26.04,21.16,6.81,74.55,6.81,74.55,0,10,9,2024
13,2024-09-11,2833.88,4.42,76.61,13,2833.88,17.36,14.11,4.42,76.61,4.42,76.61,0,11,9,2024
14,2024-09-12,3888.32,6.79,68.39,14,3888.32,23.83,19.35,6.79,68.39,6.79,68.39,0,12,9,2024
15,2024-09-13,3648.3,6.39,68.25,15,3648.3,22.35,18.16,6.39,68.25,6.39,68.25,0,13,9,2024
16,2024-09-14,4452.28,6.56,81.04,16,4452.28,27.28,22.16,6.56,81.04,6.56,81.04,0,14,9,2024
17,2024-09-15,1066.4,6.14,20.74,17,1066.4,6.53,5.31,6.14,20.74,6.14,20.74,0,15,9,2024
18,2024-09-16,4000.59,6.61,72.35,18,4000.59,24.51,19.91,6.61,72.35,6.61,72.35,0,16,9,2024
19,2024-09-17,1698.15,6.58,30.83,19,1698.15,10.41,8.45,6.58,30.83,6.58,30.83,0,17,9,2024
20,2024-09-18,4099.85,6.62,74.02,20,4099.85,25.12,20.41,6.62,74.02,6.62,74.02,0,18,9,2024
21,2024-09-19,3107.63,4.96,74.91,21,3107.63,19.04,15.47,4.96,74.91,4.96,74.91,0,19,9,2024
22,2024-09-20,3602.45,6.08,70.76,22,3602.45,22.07,17.93,6.08,70.76,6.08,70.76,0,20,9,2024
23,2024-09-21,2834.99,4.39,77.23,23,2834.99,17.37,14.11,4.39,77.23,4.39,77.23,0,21,9,2024
24,2024-09-22,1623.85,2.55,76.07,24,1623.85,9.95,8.08,2.55,76.07,2.55,76.07,0,22,9,2024
25,2024-09-23,3170.23,4.96,76.29,25,3170.23,19.43,15.78,4.96,76.29,4.96,76.29,0,23,9,2024
26,2024-09-24,2885.92,4.62,74.69,26,2885.92,17.68,14.36,4.62,74.69,4.62,74.69,0,24,9,2024
27,2024-09-25,3415.49,5.49,74.37,27,3415.49,20.93,17.0,5.49,74.37,5.49,74.37,0,25,9,2024
28,2024-09-26,2198.33,3.39,77.38,28,2198.33,13.47,10.94,3.39,77.38,3.39,77.38,0,26,9,2024
29,2024-09-27,2893.01,4.65,74.35,29,2893.01,17.73,14.4,4.65,74.35,4.65,74.35,0,27,9,2024
30,2024-09-28,2449.22,3.95,74.11,30,2449.22,15.01,12.19,3.95,74.11,3.95,74.11,0,28,9,2024
31,2024-09-29,1305.3,6.11,25.53,31,1305.3,8.0,6.5,6.11,25.53,6.11,25.53,0,29,9,2024
32,2024-09-30,3007.34,5.16,69.65,32,3007.34,18.43,14.97,5.16,69.65,5.16,69.65,0,30,9,2024
33,2024-10-01,3612.39,6.01,71.81,33,3612.39,22.13,17.98,6.01,71.81,6.01,71.81,0,1,10,2024
34,2024-10-02,3245.89,6.9,56.19,34,3245.89,19.89,16.16,6.9,56.19,6.9,56.19,0,2,10,2024
35,2024-10-03,3857.3,6.19,74.42,35,3857.3,23.64,19.2,6.19,74.42,6.19,74.42,0,3,10,2024
36,2024-10-04,3872.45,6.23,74.27,36,3872.45,23.73,19.28,6.23,74.27,6.23,74.27,0,4,10,2024
37,2024-10-05,2632.03,4.81,65.37,37,2632.03,16.13,13.1,4.81,65.37,4.81,65.37,0,5,10,2024
38,2024-10-06,2034.67,5.04,48.23,38,2034.67,12.47,10.13,5.04,48.23,5.04,48.23,0,6,10,2024
39,2024-10-07,2698.1,4.32,74.64,39,2698.1,16.53,13.43,4.32,74.64,4.32,74.64,0,7,10,2024
40,2024-10-08,2708.43,4.54,71.25,40,2708.43,16.6,13.48,4.54,71.25,4.54,71.25,0,8,10,2024
41,2024-10-09,1851.49,3.17,69.75,41,1851.49,11.34,9.22,3.17,69.75,3.17,69.75,0,9,10,2024
42,2024-10-10,1980.82,3.09,76.53,42,1980.82,12.14,9.86,3.09,76.53,3.09,76.53,0,10,10,2024
43,2024-10-11,1232.36,5.9,24.93,43,1232.36,7.55,6.13,5.9,24.93,5.9,24.93,0,11,10,2024
44,2024-10-12,1382.46,5.1,32.38,44,1382.46,8.47,6.88,5.1,32.38,5.1,32.38,0,12,10,2024
45,2024-10-13,2160.08,5.95,43.39,45,2160.08,13.24,10.75,5.95,43.39,5.95,43.39,0,13,10,2024
46,2024-10-14,1104.28,1.84,71.81,46,1104.28,6.77,5.5,1.84,71.81,1.84,71.81,0,14,10,2024
47,2024-10-15,212.32,0.7,36.03,47,212.32,1.3,1.06,0.7,36.03,0.7,36.03,0,15,10,2024
48,2024-10-16,640.49,3.04,25.17,48,640.49,3.92,3.19,3.04,25.17,3.04,25.17,0,16,10,2024
49,2024-10-17,3051.63,5.13,71.01,49,3051.63,18.7,15.19,5.13,71.01,5.13,71.01,0,17,10,2024
50,2024-10-18,1728.06,2.71,76.18,50,1728.06,10.59,8.6,2.71,76.18,2.71,76.18,0,18,10,2024
51,2024-10-19,2494.63,3.91,76.28,51,2494.63,15.29,12.42,3.91,76.28,3.91,76.28,0,19,10,2024
52,2024-10-20,1216.22,4.09,35.48,52,1216.22,7.45,6.05,4.09,35.48,4.09,35.48,0,20,10,2024
53,2024-10-21,3366.56,5.77,69.72,53,3366.56,20.63,16.76,5.77,69.72,5.77,69.72,0,21,10,2024
54,2024-10-22,3293.05,5.4,72.78,54,3293.05,20.18,16.39,5.4,72.78,5.4,72.78,0,22,10,2024
55,2024-10-23,3591.03,5.83,73.59,55,3591.03,22.0,17.87,5.83,73.59,5.83,73.59,0,23,10,2024
56,2024-10-24,1706.15,3.41,59.72,56,1706.15,10.45,8.49,3.41,59.72,3.41,59.72,0,24,10,2024
57,2024-10-25,2992.12,4.82,74.19,57,2992.12,18.33,14.89,4.82,74.19,4.82,74.19,0,25,10,2024
58,2024-10-26,3193.2,5.07,75.18,58,3193.2,19.57,15.89,5.07,75.18,5.07,75.18,0,26,10,2024
59,2024-10-27,1270.36,5.0,30.36,59,1270.36,7.78,6.32,5.0,30.36,5.0,30.36,0,27,10,2024
60,2024-10-28,3268.92,5.29,73.78,60,3268.92,20.03,16.27,5.29,73.78,5.29,73.78,0,28,10,2024
61,2024-10-29,2486.92,4.1,72.48,61,2486.92,15.24,12.38,4.1,72.48,4.1,72.48,0,29,10,2024
62,2024-10-30,1578.03,2.5,75.53,62,1578.03,9.67,7.85,2.5,75.53,2.5,75.53,0,30,10,2024
63,2024-10-31,976.77,3.54,33.01,63,976.77,5.99,4.86,3.54,33.01,3.54,33.01,0,31,10,2024
64,2024-11-01,939.81,4.05,27.73,64,939.81,5.76,4.68,4.05,27.73,4.05,27.73,0,1,11,2024
65,2024-11-02,908.4,3.66,29.63,65,908.4,5.57,4.52,3.66,29.63,3.66,29.63,0,2,11,2024
66,2024-11-03,957.1,5.25,21.79,66,957.1,5.86,4.76,5.25,21.79,5.25,21.79,0,3,11,2024
67,2024-11-04,3431.49,5.65,72.54,67,3431.49,21.03,17.08,5.65,72.54,5.65,72.54,0,4,11,2024
68,2024-11-05,3318.93,5.33,74.33,68,3318.93,20.34,16.52,5.33,74.33,5.33,74.33,0,5,11,2024
69,2024-11-06,3173.55,4.97,76.22,69,3173.55,19.45,15.8,4.97,76.22,4.97,76.22,0,6,11,2024
70,2024-11-07,1484.45,2.32,76.5,70,1484.45,9.1,7.39,2.32,76.5,2.32,76.5,0,7,11,2024
71,2024-11-08,3447.58,5.83,70.68,71,3447.58,21.12,17.16,5.83,70.68,5.83,70.68,0,8,11,2024
72,2024-11-09,2919.02,4.8,72.69,72,2919.02,17.89,14.53,4.8,72.69,4.8,72.69,0,9,11,2024
73,2024-11-10,729.27,4.62,18.88,73,729.27,4.47,3.63,4.62,18.88,4.62,18.88,0,10,11,2024
74,2024-11-11,2630.83,4.19,74.99,74,2630.83,16.12,13.09,4.19,74.99,4.19,74.99,0,11,11,2024
75,2024-11-12,1010.11,1.67,72.3,75,1010.11,6.19,5.03,1.67,72.3,1.67,72.3,0,12,11,2024
76,2024-11-13,1302.58,2.03,76.65,76,1302.58,7.98,6.48,2.03,76.65,2.03,76.65,0,13,11,2024
77,2024-11-14,3011.87,4.95,72.69,77,3011.87,18.46,14.99,4.95,72.69,4.95,72.69,0,14,11,2024
78,2024-11-15,2153.04,3.9,65.92,78,2153.04,13.19,10.72,3.9,65.92,3.9,65.92,0,15,11,2024
79,2024-11-16,1451.73,4.31,40.2,79,1451.73,8.9,7.23,4.31,40.2,4.31,40.2,0,16,11,2024
80,2024-11-17,933.26,4.57,24.39,80,933.26,5.72,4.65,4.57,24.39,4.57,24.39,0,17,11,2024
81,2024-11-18,2885.2,4.45,77.47,81,2885.2,17.68,14.36,4.45,77.47,4.45,77.47,0,18,11,2024
82,2024-11-19,2673.68,4.16,76.82,82,2673.68,16.38,13.31,4.16,76.82,4.16,76.82,0,19,11,2024
83,2024-11-20,2297.96,3.59,76.55,83,2297.96,14.08,11.44,3.59,76.55,3.59,76.55,0,20,11,2024
84,2024-11-21,2224.62,3.52,75.43,84,2224.62,13.63,11.07,3.52,75.43,3.52,75.43,0,21,11,2024
85,2024-11-22,2012.82,5.06,47.49,85,2012.82,12.33,10.02,5.06,47.49,5.06,47.49,0,22,11,2024
86,2024-11-23,2122.07,3.32,76.36,86,2122.07,13.0,10.56,3.32,76.36,3.32,76.36,0,23,11,2024
87,2024-11-24,947.85,3.67,30.87,87,947.85,5.81,4.72,3.67,30.87,3.67,30.87,0,24,11,2024
88,2024-11-25,1444.73,2.28,75.6,88,1444.73,8.85,7.19,2.28,75.6,2.28,75.6,0,25,11,2024
89,2024-11-26,303.54,0.55,66.29,89,303.54,1.86,1.51,0.55,66.29,0.55,66.29,0,26,11,2024
90,2024-11-27,1125.29,1.77,75.82,90,1125.29,6.9,5.6,1.77,75.82,1.77,75.82,0,27,11,2024
91,2024-11-28,1292.42,2.01,76.77,91,1292.42,7.92,6.43,2.01,76.77,2.01,76.77,0,28,11,2024
92,2024-11-29,538.09,0.89,72.06,92,538.09,3.3,2.68,0.89,72.06,0.89,72.06,0,29,11,2024
93,2024-11-30,4.43,0.14,-,93,4.43,0.03,0.02,0.14,-,1.45,-,0,30,11,2024
94,2024-12-01,37.07,1.54,-,94,37.07,0.23,0.18,1.54,-,1.17,-,0,1,12,2024
95,2024-12-02,1314.95,2.47,63.6,95,1314.95,8.06,6.55,2.47,63.6,2.47,63.6,0,2,12,2024
96,2024-12-03,2911.68,4.64,75.03,96,2911.68,17.84,14.49,4.64,75.03,4.64,75.03,0,3,12,2024
97,2024-12-04,2654.04,4.27,74.25,97,2654.04,16.26,13.21,4.27,74.25,4.27,74.25,0,4,12,2024
98,2024-12-05,1799.31,3.73,57.56,98,1799.31,11.03,8.96,3.73,57.56,3.73,57.56,0,5,12,2024
99,2024-12-06,1991.94,3.8,62.6,99,1991.94,12.21,9.91,3.8,62.6,3.8,62.6,0,6,12,2024
100,2024-12-07,2702.56,4.93,65.55,100,2702.56,16.56,13.45,4.93,65.55,4.93,65.55,0,7,12,2024
101,2024-12-08,1213.72,4.7,30.82,101,1213.72,7.44,6.04,4.7,30.82,4.7,30.82,0,8,12,2024
102,2024-12-09,2204.98,3.45,76.26,102,2204.98,13.51,10.98,3.45,76.26,3.45,76.26,0,9,12,2024
103,2024-12-10,1828.03,2.95,73.93,103,1828.03,11.2,9.1,2.95,73.93,2.95,73.93,0,10,12,2024
104,2024-12-11,589.79,0.97,72.71,104,589.79,3.61,2.94,0.97,72.71,0.97,72.71,0,11,12,2024
105,2024-12-12,386.33,0.68,67.67,105,386.33,2.37,1.92,0.68,67.67,0.68,67.67,0,12,12,2024
106,2024-12-13,1614.81,2.78,69.47,106,1614.81,9.89,8.04,2.78,69.47,2.78,69.47,0,13,12,2024
107,2024-12-14,1997.76,4.2,56.84,107,1997.76,12.24,9.94,4.2,56.84,4.2,56.84,0,14,12,2024
108,2024-12-15,2372.88,4.37,64.87,108,2372.88,14.54,11.81,4.37,64.87,4.37,64.87,0,15,12,2024
109,2024-12-16,3074.0,4.77,77.07,109,3074.0,18.84,15.3,4.77,77.07,4.77,77.07,0,16,12,2024
110,2024-12-17,1269.28,1.98,76.54,110,1269.28,7.78,6.32,1.98,76.54,1.98,76.54,0,17,12,2024
111,2024-12-18,873.93,1.39,75.32,111,873.93,5.35,4.35,1.39,75.32,1.39,75.32,0,18,12,2024
112,2024-12-19,1389.09,2.15,77.04,112,1389.09,8.51,6.91,2.15,77.04,2.15,77.04,0,19,12,2024
113,2024-12-20,1933.79,3.06,75.47,113,1933.79,11.85,9.63,3.06,75.47,3.06,75.47,0,20,12,2024
114,2024-12-21,2738.74,4.4,74.36,114,2738.74,16.78,13.63,4.4,74.36,4.4,74.36,0,21,12,2024
115,2024-12-22,1084.78,4.4,29.48,115,1084.78,6.65,5.4,4.4,29.48,4.4,29.48,0,22,12,2024
116,2024-12-23,2548.14,5.67,53.65,116,2548.14,15.61,12.68,5.67,53.65,5.67,53.65,0,23,12,2024
117,2024-12-24,1137.26,1.76,77.06,117,1137.26,6.97,5.66,1.76,77.06,1.76,77.06,0,24,12,2024
118,2024-12-25,682.86,2.34,34.82,118,682.86,4.18,3.4,2.34,34.82,2.34,34.82,0,25,12,2024
119,2024-12-26,1578.79,3.25,58.05,119,1578.79,9.67,7.86,3.25,58.05,3.25,58.05,0,26,12,2024
120,2024-12-27,2541.57,4.24,71.54,120,2541.57,15.57,12.65,4.24,71.54,4.24,71.54,0,27,12,2024
121,2024-12-28,3129.48,5.02,74.41,121,3129.48,19.18,15.58,5.02,74.41,5.02,74.41,0,28,12,2024
122,2024-12-29,895.02,2.84,37.7,122,895.02,5.48,4.45,2.84,37.7,2.84,37.7,0,29,12,2024
123,2024-12-30,2418.87,3.91,74,123,2418.87,14.82,12.04,3.91,74,3.91,74,0,30,12,2024
124,2024-12-31,2360.81,3.88,72.61,124,2360.81,14.47,11.75,3.88,72.61,3.88,72.61,0,31,12,2024
125,2025-01-01,1033.87,4.05,30.47,125,1033.87,6.33,5.15,4.05,30.47,4.05,30.47,0,1,1,2025
126,2025-01-02,3266.34,5.38,72.55,126,3266.34,20.01,16.26,5.38,72.55,5.38,72.55,0,2,1,2025
127,2025-01-03,2510.78,3.95,75.95,127,2510.78,15.38,12.5,3.95,75.95,3.95,75.95,0,3,1,2025
128,2025-01-04,2762.98,4.4,75.08,128,2762.98,16.93,13.75,4.4,75.08,4.4,75.08,0,4,1,2025
129,2025-01-05,1125.68,4.07,33.05,129,1125.68,6.9,5.6,4.07,33.05,4.07,33.05,0,5,1,2025
130,2025-01-06,2153.9,3.53,72.81,130,2153.9,13.2,10.72,3.53,72.81,3.53,72.81,0,6,1,2025
131,2025-01-07,2619.21,4.23,73.92,131,2619.21,16.05,13.04,4.23,73.92,4.23,73.92,0,7,1,2025
132,2025-01-08,2530.97,4.06,74.51,132,2530.97,15.51,12.6,4.06,74.51,4.06,74.51,0,8,1,2025
133,2025-01-09,2421.05,3.87,74.68,133,2421.05,14.83,12.05,3.87,74.68,3.87,74.68,0,9,1,2025
134,2025-01-10,1670.25,2.58,77.31,134,1670.25,10.23,8.31,2.58,77.31,2.58,77.31,0,10,1,2025
135,2025-01-11,1771.05,2.81,75.37,135,1771.05,10.85,8.82,2.81,75.37,2.81,75.37,0,11,1,2025
136,2025-01-12,847.92,2.36,42.87,136,847.92,5.2,4.22,2.36,42.87,2.36,42.87,0,12,1,2025
137,2025-01-13,1517.78,2.45,73.89,137,1517.78,9.3,7.55,2.45,73.89,2.45,73.89,0,13,1,2025
138,2025-01-14,609.64,5.23,13.92,138,609.64,3.74,3.03,5.23,13.92,5.23,13.92,0,14,1,2025
139,2025-01-15,371.31,4.8,-,139,371.31,2.28,1.85,4.8,-,3.84,11.54,0,15,1,2025
140,2025-01-16,29501.03,4.59,-,140,29501.03,180.77,146.84,4.59,-,4.54,-,0,16,1,2025
141,2025-01-17,1500.85,3.55,50.46,141,1500.85,9.2,7.47,3.55,50.46,3.55,50.46,0,17,1,2025
142,2025-01-18,493.9,1.84,32.1,142,493.9,3.03,2.46,1.84,32.1,1.84,32.1,0,18,1,2025
143,2025-01-19,232.66,2.92,-,143,232.66,1.43,1.16,2.92,-,3.19,-,0,19,1,2025
144,2025-01-20,2815.45,4.58,73.5,144,2815.45,17.25,14.01,4.58,73.5,4.58,73.5,0,20,1,2025
145,2025-01-21,3022.94,4.92,73.41,145,3022.94,18.52,15.05,4.92,73.41,4.92,73.41,0,21,1,2025
146,2025-01-22,1952.99,3.19,73.14,146,1952.99,11.97,9.72,3.19,73.14,3.19,73.14,0,22,1,2025
147,2025-01-23,3369.24,5.72,70.41,147,3369.24,20.64,16.77,5.72,70.41,5.72,70.41,0,23,1,2025
148,2025-01-24,2584.08,5.59,55.26,148,2584.08,15.83,12.86,5.59,55.26,5.59,55.26,0,24,1,2025
149,2025-01-25,2790.16,5.2,64.1,149,2790.16,17.1,13.89,5.2,64.1,5.2,64.1,0,25,1,2025
150,2025-01-26,1277.34,5.52,27.66,150,1277.34,7.83,6.36,5.52,27.66,5.52,27.66,0,26,1,2025
151,2025-01-27,3301.53,5.48,72,151,3301.53,20.23,16.43,5.48,72,5.48,72,0,27,1,2025
152,2025-01-28,2099.99,4.11,61.01,152,2099.99,12.87,10.45,4.11,61.01,4.11,61.01,0,28,1,2025
153,2025-01-29,2502.83,4.8,62.26,153,2502.83,15.34,12.46,4.8,62.26,4.8,62.26,0,29,1,2025
154,2025-01-30,2369.29,4.7,60.26,154,2369.29,14.52,11.79,4.7,60.26,4.7,60.26,0,30,1,2025
155,2025-01-31,2867.04,5.77,59.39,155,2867.04,17.57,14.27,5.77,59.39,5.77,59.39,0,31,1,2025
156,2025-02-01,1815.7,4.35,49.84,156,1815.7,11.13,9.04,4.35,49.84,4.35,49.84,0,1,2,2025
157,2025-02-02,1246.73,5.64,26.41,157,1246.73,7.64,6.21,5.64,26.41,5.64,26.41,0,2,2,2025
158,2025-02-03,3091.82,6.13,60.23,158,3091.82,18.94,15.39,6.13,60.23,6.13,60.23,0,3,2,2025
159,2025-02-04,2834.94,5.41,62.58,159,2834.94,17.37,14.11,5.41,62.58,5.41,62.58,0,4,2,2025
160,2025-02-05,2903.34,5.71,60.7,160,2903.34,17.79,14.45,5.71,60.7,5.71,60.7,0,5,2,2025
161,2025-02-06,2813.64,5.73,58.62,161,2813.64,17.24,14.0,5.73,58.62,5.73,58.62,0,6,2,2025
162,2025-02-07,2816.03,5.48,61.38,162,2816.03,17.26,14.02,5.48,61.38,5.48,61.38,0,7,2,2025
163,2025-02-08,2239.76,4.86,55.08,163,2239.76,13.72,11.15,4.86,55.08,4.86,55.08,0,8,2,2025
164,2025-02-09,1505.59,4.94,36.42,164,1505.59,9.23,7.49,4.94,36.42,4.94,36.42,0,9,2,2025
165,2025-02-10,2731.91,5.04,64.77,165,2731.91,16.74,13.6,5.04,64.77,5.04,64.77,0,10,2,2025
166,2025-02-11,1720.36,5.59,36.76,166,1720.36,10.54,8.56,5.59,36.76,5.59,36.76,0,11,2,2025
167,2025-02-12,3321.72,5.97,66.49,167,3321.72,20.35,16.53,5.97,66.49,5.97,66.49,0,12,2,2025
168,2025-02-13,3625.08,6.22,69.66,168,3625.08,22.21,18.04,6.22,69.66,6.22,69.66,0,13,2,2025
169,2025-02-14,4005.56,6.4,74.74,169,4005.56,24.54,19.94,6.4,74.74,6.4,74.74,0,14,2,2025
170,2025-02-15,3709.56,5.96,74.33,170,3709.56,22.73,18.46,5.96,74.33,5.96,74.33,0,15,2,2025
171,2025-02-16,1311.36,5.91,26.52,171,1311.36,8.04,6.53,5.91,26.52,5.91,26.52,0,16,2,2025
172,2025-02-17,3324.52,5.56,71.38,172,3324.52,20.37,16.55,5.56,71.38,5.56,71.38,0,17,2,2025
173,2025-02-18,3616.84,5.73,75.34,173,3616.84,22.16,18.0,5.73,75.34,5.73,75.34,0,18,2,2025
174,2025-02-19,3671.9,5.83,75.21,174,3671.9,22.5,18.28,5.83,75.21,5.83,75.21,0,19,2,2025
175,2025-02-20,3733.51,5.93,75.28,175,3733.51,22.88,18.58,5.93,75.28,5.93,75.28,0,20,2,2025
176,2025-02-21,3513.72,5.58,75.18,176,3513.72,21.53,17.49,5.58,75.18,5.58,75.18,0,21,2,2025
177,2025-02-22,3253.45,5.18,74.99,177,3253.45,19.94,16.19,5.18,74.99,5.18,74.99,0,22,2,2025
178,2025-02-23,3162.55,5.8,65.18,178,3162.55,19.38,15.74,5.8,65.18,5.8,65.18,0,23,2,2025
179,2025-02-24,3541.47,5.81,72.85,179,3541.47,21.7,17.63,5.81,72.85,5.81,72.85,0,24,2,2025
180,2025-02-25,3591.04,5.77,74.31,180,3591.04,22.0,17.87,5.77,74.31,5.77,74.31,0,25,2,2025
181,2025-02-26,3659.83,5.9,74.09,181,3659.83,22.43,18.22,5.9,74.09,5.9,74.09,0,26,2,2025
182,2025-02-27,3693.66,5.95,74.21,182,3693.66,22.63,18.39,5.95,74.21,5.95,74.21,0,27,2,2025
183,2025-02-28,3178.93,5.09,74.55,183,3178.93,19.48,15.82,5.09,74.55,5.09,74.55,0,28,2,2025
184,2025-03-01,37928.28,4.83,-,184,37928.28,232.4,188.79,4.83,-,5.52,-,0,1,3,2025
185,2025-03-02,1461.31,5.77,30.23,185,1461.31,8.95,7.27,5.77,30.23,5.77,30.23,0,2,3,2025
186,2025-03-03,3308.21,5.64,70.02,186,3308.21,20.27,16.47,5.64,70.02,5.64,70.02,0,3,3,2025
187,2025-03-04,3490.5,5.61,74.38,187,3490.5,21.39,17.37,5.61,74.38,5.61,74.38,0,4,3,2025
188,2025-03-05,3158.15,5.13,73.59,188,3158.15,19.35,15.72,5.13,73.59,5.13,73.59,0,5,3,2025
189,2025-03-06,3499.23,5.66,73.85,189,3499.23,21.44,17.42,5.66,73.85,5.66,73.85,0,6,3,2025
190,2025-03-07,3572.89,5.87,72.67,190,3572.89,21.89,17.78,5.87,72.67,5.87,72.67,0,7,3,2025
191,2025-03-08,3684.47,6.15,71.56,191,3684.47,22.58,18.34,6.15,71.56,6.15,71.56,0,8,3,2025
192,2025-03-09,1442.27,6.13,28.13,192,1442.27,8.84,7.18,6.13,28.13,6.13,28.13,0,9,3,2025
193,2025-03-10,3641.92,6.29,69.22,193,3641.92,22.32,18.13,6.29,69.22,6.29,69.22,0,10,3,2025
194,2025-03-11,1677.32,2.81,71.18,194,1677.32,10.28,8.35,2.81,71.18,2.81,71.18,0,11,3,2025
195,2025-03-12,3249.25,5.38,72.09,195,3249.25,19.91,16.17,5.38,72.09,5.38,72.09,0,12,3,2025
196,2025-03-13,3828.94,6.33,72.21,196,3828.94,23.46,19.06,6.33,72.21,6.33,72.21,0,13,3,2025
197,2025-03-14,4071.51,6.9,70.52,197,4071.51,24.95,20.27,6.9,70.52,6.9,70.52,0,14,3,2025
198,2025-03-15,4225.51,7.16,70.47,198,4225.51,25.89,21.03,7.16,70.47,7.16,70.47,0,15,3,2025
199,2025-03-16,2956.07,6.51,54.27,199,2956.07,18.11,14.71,6.51,54.27,6.51,54.27,0,16,3,2025
200,2025-03-17,3614.14,6.0,71.92,200,3614.14,22.15,17.99,6.0,71.92,6.0,71.92,0,17,3,2025
201,2025-03-18,3611.0,6.22,69.35,201,3611.0,22.13,17.97,6.22,69.35,6.22,69.35,0,18,3,2025
202,2025-03-19,3682.64,6.31,69.71,202,3682.64,22.57,18.33,6.31,69.71,6.31,69.71,0,19,3,2025
203,2025-03-20,3983.35,6.78,70.23,203,3983.35,24.41,19.83,6.78,70.23,6.78,70.23,0,20,3,2025
204,2025-03-21,4119.7,6.91,71.22,204,4119.7,25.24,20.51,6.91,71.22,6.91,71.22,0,21,3,2025
205,2025-03-22,3648.11,5.95,73.21,205,3648.11,22.35,18.16,5.95,73.21,5.95,73.21,0,22,3,2025
206,2025-03-23,1403.86,5.41,31.03,206,1403.86,8.6,6.99,5.41,31.03,5.41,31.03,0,23,3,2025
207,2025-03-24,3314.05,5.54,71.47,207,3314.05,20.31,16.5,5.54,71.47,5.54,71.47,0,24,3,2025
208,2025-03-25,3787.07,6.27,72.18,208,3787.07,23.21,18.85,6.27,72.18,6.27,72.18,0,25,3,2025
209,2025-03-26,3913.78,6.38,73.27,209,3913.78,23.98,19.48,6.38,73.27,6.38,73.27,0,26,3,2025
210,2025-03-27,42832.03,6.32,-,210,42832.03,262.45,213.2,6.32,-,6.32,-,0,27,3,2025
211,2025-03-28,42823.52,5.89,-,211,42823.52,262.4,213.15,5.89,-,6.35,-,0,28,3,2025
212,2025-03-29,3833.35,6.22,73.58,212,3833.35,23.49,19.08,6.22,73.58,6.22,73.58,0,29,3,2025
213,2025-03-30,1590.34,5.93,32.02,213,1590.34,9.74,7.92,5.93,32.02,5.93,32.02,0,30,3,2025
214,2025-03-31,1611.93,5.54,34.75,214,1611.93,9.88,8.02,5.54,34.75,5.54,34.75,0,31,3,2025
215,2025-04-01,3364.1,6.14,65.42,215,3364.1,20.61,16.74,6.14,65.42,6.14,65.42,0,1,4,2025
216,2025-04-02,3415.29,5.82,70.1,216,3415.29,20.93,17.0,5.82,70.1,5.82,70.1,0,2,4,2025
217,2025-04-03,1672.76,2.76,72.48,217,1672.76,10.25,8.33,2.76,72.48,2.76,72.48,0,3,4,2025
218,2025-04-04,3757.14,6.14,73.08,218,3757.14,23.02,18.7,6.14,73.08,6.14,73.08,0,4,4,2025
219,2025-04-05,2709.06,4.5,71.87,219,2709.06,16.6,13.48,4.5,71.87,4.5,71.87,0,5,4,2025
220,2025-04-06,3215.77,5.82,66.05,220,3215.77,19.7,16.01,5.82,66.05,5.82,66.05,0,6,4,2025
221,2025-04-07,3448.52,5.78,71.29,221,3448.52,21.13,17.17,5.78,71.29,5.78,71.29,0,7,4,2025
222,2025-04-08,3776.68,6.15,73.3,222,3776.68,23.14,18.8,6.15,73.3,6.15,73.3,0,8,4,2025
223,2025-04-09,3685.39,6.05,72.81,223,3685.39,22.58,18.34,6.05,72.81,6.05,72.81,0,9,4,2025
224,2025-04-10,1838.71,5.76,38.12,224,1838.71,11.27,9.15,5.76,38.12,5.76,38.12,0,10,4,2025
225,2025-04-11,3324.92,5.37,73.97,225,3324.92,20.37,16.55,5.37,73.97,5.37,73.97,0,11,4,2025
226,2025-04-12,3731.42,6.06,73.52,226,3731.42,22.86,18.57,6.06,73.52,6.06,73.52,0,12,4,2025
227,2025-04-13,1454.78,5.34,32.56,227,1454.78,8.91,7.24,5.34,32.56,5.34,32.56,0,13,4,2025
228,2025-04-14,2588.86,5.07,60.96,228,2588.86,15.86,12.89,5.07,60.96,5.07,60.96,0,14,4,2025
229,2025-04-15,3412.53,5.69,71.62,229,3412.53,20.91,16.99,5.69,71.62,5.69,71.62,0,15,4,2025
230,2025-04-16,2075.81,3.45,71.94,230,2075.81,12.72,10.33,3.45,71.94,3.45,71.94,0,16,4,2025
231,2025-04-17,3622.54,5.95,72.76,231,3622.54,22.2,18.03,5.95,72.76,5.95,72.76,0,17,4,2025
232,2025-04-18,3472.19,5.61,73.96,232,3472.19,21.28,17.28,5.61,73.96,5.61,73.96,0,18,4,2025
233,2025-04-19,3560.46,5.89,72.25,233,3560.46,21.82,17.72,5.89,72.25,5.89,72.25,0,19,4,2025
234,2025-04-20,3201.02,6.19,61.76,234,3201.02,19.61,15.93,6.19,61.76,6.19,61.76,0,20,4,2025
235,2025-04-21,3258.64,5.68,68.53,235,3258.64,19.97,16.22,5.68,68.53,5.68,68.53,0,21,4,2025
236,2025-04-22,1734.96,3.78,54.87,236,1734.96,10.63,8.64,3.78,54.87,3.78,54.87,0,22,4,2025
237,2025-04-23,3987.66,6.67,71.44,237,3987.66,24.43,19.85,6.67,71.44,6.67,71.44,0,23,4,2025
238,2025-04-24,3859.2,6.5,70.92,238,3859.2,23.65,19.21,6.5,70.92,6.5,70.92,0,24,4,2025
239,2025-04-25,3861.34,6.62,69.68,239,3861.34,23.66,19.22,6.62,69.68,6.62,69.68,0,25,4,2025
240,2025-04-26,4001.21,6.64,71.93,240,4001.21,24.52,19.92,6.64,71.93,6.64,71.93,0,26,4,2025
241,2025-04-27,3612.61,6.25,69.08,241,3612.61,22.14,17.98,6.25,69.08,6.25,69.08,0,27,4,2025
242,2025-04-28,2912.16,4.92,70.71,242,2912.16,17.84,14.5,4.92,70.71,4.92,70.71,0,28,4,2025
243,2025-04-29,3527.82,5.78,72.93,243,3527.82,21.62,17.56,5.78,72.93,5.78,72.93,0,29,4,2025
244,2025-04-30,3425.93,5.52,74.18,244,3425.93,20.99,17.05,5.52,74.18,5.52,74.18,0,30,4,2025
245,2025-05-01,2108.72,5.76,43.76,245,2108.72,12.92,10.5,5.76,43.76,5.76,43.76,0,1,5,2025
246,2025-05-02,3581.98,5.85,73.21,246,3581.98,21.95,17.83,5.85,73.21,5.85,73.21,0,2,5,2025
247,2025-05-03,3664.67,5.89,74.38,247,3664.67,22.46,18.24,5.89,74.38,5.89,74.38,0,3,5,2025
248,2025-05-04,3344.76,5.23,76.47,248,3344.76,20.49,16.65,5.23,76.47,5.23,76.47,0,4,5,2025
249,2025-05-05,3490.03,5.59,74.64,249,3490.03,21.39,17.37,5.59,74.64,5.59,74.64,0,5,5,2025
250,2025-05-06,3710.13,6.1,72.67,250,3710.13,22.73,18.47,6.1,72.67,6.1,72.67,0,6,5,2025
251,2025-05-07,3685.07,5.82,75.61,251,3685.07,22.58,18.34,5.82,75.61,5.82,75.61,0,7,5,2025
252,2025-05-08,3682.91,5.86,75.07,252,3682.91,22.57,18.33,5.86,75.07,5.86,75.07,0,8,5,2025
253,2025-05-09,3888.19,6.19,75.07,253,3888.19,23.82,19.35,6.19,75.07,6.19,75.07,0,9,5,2025
254,2025-05-10,3511.56,5.62,74.71,254,3511.56,21.52,17.48,5.62,74.71,5.62,74.71,0,10,5,2025
255,2025-05-11,1808.84,4.12,52.5,255,1808.84,11.08,9.0,4.12,52.5,4.12,52.5,0,11,5,2025
256,2025-05-12,3528.94,5.57,75.66,256,3528.94,21.62,17.57,5.57,75.66,5.57,75.66,0,12,5,2025
257,2025-05-13,3082.69,4.88,75.4,257,3082.69,18.89,15.34,4.88,75.4,4.88,75.4,0,13,5,2025
258,2025-05-14,3572.66,5.76,74.11,258,3572.66,21.89,17.78,5.76,74.11,5.76,74.11,0,14,5,2025
259,2025-05-15,3590.23,5.84,73.45,259,3590.23,22.0,17.87,5.84,73.45,5.84,73.45,0,15,5,2025
260,2025-05-16,3458.89,5.5,75.2,260,3458.89,21.19,17.22,5.5,75.2,5.5,75.2,0,16,5,2025
261,2025-05-17,1947.16,3.11,74.75,261,1947.16,11.93,9.69,3.11,74.75,3.11,74.75,0,17,5,2025
262,2025-05-18,2411.15,4.1,70.22,262,2411.15,14.77,12.0,4.1,70.22,4.1,70.22,0,18,5,2025
263,2025-05-19,1724.57,2.77,74.45,263,1724.57,10.57,8.58,2.77,74.45,2.77,74.45,0,19,5,2025
264,2025-05-20,1753.53,2.79,75.14,264,1753.53,10.74,8.73,2.79,75.14,2.79,75.14,0,20,5,2025
265,2025-05-21,3012.91,4.83,74.49,265,3012.91,18.46,15.0,4.83,74.49,4.83,74.49,0,21,5,2025
266,2025-05-22,2621.77,5.39,58.13,266,2621.77,16.06,13.05,5.39,58.13,5.39,58.13,0,22,5,2025
267,2025-05-23,4010.27,6.43,74.56,267,4010.27,24.57,19.96,6.43,74.56,6.43,74.56,0,23,5,2025
268,2025-05-24,2787.96,4.57,72.85,268,2787.96,17.08,13.88,4.57,72.85,4.57,72.85,0,24,5,2025
269,2025-05-25,2349.16,4.66,60.27,269,2349.16,14.39,11.69,4.66,60.27,4.66,60.27,0,25,5,2025
270,2025-05-26,2441.7,3.86,75.61,270,2441.7,14.96,12.15,3.86,75.61,3.86,75.61,0,26,5,2025
271,2025-05-27,2526.66,4.19,72,271,2526.66,15.48,12.58,4.19,72,4.19,72,0,27,5,2025
272,2025-05-28,2855.74,4.47,76.37,272,2855.74,17.5,14.21,4.47,76.37,4.47,76.37,0,28,5,2025
273,2025-05-29,1691.81,5.29,38.24,273,1691.81,10.37,8.42,5.29,38.24,5.29,38.24,0,29,5,2025
274,2025-05-30,1841.39,2.98,73.92,274,1841.39,11.28,9.17,2.98,73.92,2.98,73.92,0,30,5,2025
275,2025-05-31,2563.53,5.48,55.87,275,2563.53,15.71,12.76,5.48,55.87,5.48,55.87,0,31,5,2025
276,2025-06-01,1527.48,6.31,28.91,276,1527.48,9.36,7.6,6.31,28.91,6.31,28.91,0,1,6,2025
277,2025-06-02,4225.81,6.2,81.47,277,4225.81,25.89,21.03,6.2,81.47,6.2,81.47,0,2,6,2025
278,2025-06-03,3697.51,5.91,74.79,278,3697.51,22.66,18.4,5.91,74.79,5.91,74.79,0,3,6,2025
279,2025-06-04,3847.85,6.0,76.66,279,3847.85,23.58,19.15,6.0,76.66,6.0,76.66,0,4,6,2025
280,2025-06-05,3884.99,6.16,75.29,280,3884.99,23.81,19.34,6.16,75.29,6.16,75.29,0,5,6,2025
281,2025-06-06,3520.7,5.96,70.57,281,3520.7,21.57,17.52,5.96,70.57,5.96,70.57,0,6,6,2025
282,2025-06-07,2175.37,4.89,53.13,282,2175.37,13.33,10.83,4.89,53.13,4.89,53.13,0,7,6,2025
283,2025-06-08,1685.4,5.41,37.24,283,1685.4,10.33,8.39,5.41,37.24,5.41,37.24,0,8,6,2025
284,2025-06-09,3219.66,5.0,76.95,284,3219.66,19.73,16.03,5.0,76.95,5.0,76.95,0,9,6,2025
285,2025-06-10,3457.23,5.31,77.76,285,3457.23,21.18,17.21,5.31,77.76,5.31,77.76,0,10,6,2025
286,2025-06-11,2427.58,3.81,76.08,286,2427.58,14.87,12.08,3.81,76.08,3.81,76.08,0,11,6,2025
287,2025-06-12,3213.57,5.1,75.29,287,3213.57,19.69,16.0,5.1,75.29,5.1,75.29,0,12,6,2025
288,2025-06-13,3672.18,5.83,75.3,288,3672.18,22.5,18.28,5.83,75.3,5.83,75.3,0,13,6,2025
289,2025-06-14,3915.22,6.19,75.52,289,3915.22,23.99,19.49,6.19,75.52,6.19,75.52,0,14,6,2025
290,2025-06-15,1027.91,5.25,23.38,290,1027.91,6.3,5.12,5.25,23.38,5.25,23.38,0,15,6,2025
291,2025-06-16,5048.37,4.61,-,291,5048.37,30.93,25.13,4.61,-,5.72,-,0,16,6,2025
292,2025-06-17,3535.21,5.54,76.22,292,3535.21,21.66,17.6,5.54,76.22,5.54,76.22,0,17,6,2025
293,2025-06-18,3886.84,6.11,75.97,293,3886.84,23.82,19.35,6.11,75.97,6.11,75.97,0,18,6,2025
294,2025-06-19,3398.57,5.35,75.83,294,3398.57,20.82,16.92,5.35,75.83,5.35,75.83,0,19,6,2025
295,2025-06-20,3989.56,6.37,74.82,295,3989.56,24.45,19.86,6.37,74.82,6.37,74.82,0,20,6,2025
296,2025-06-21,1677.8,4.0,50.11,296,1677.8,10.28,8.35,4.0,50.11,4.0,50.11,0,21,6,2025
297,2025-06-22,868.51,4.16,24.93,297,868.51,5.32,4.32,4.16,24.93,4.16,24.93,0,22,6,2025
298,2025-06-23,782.72,3.24,28.84,298,782.72,4.8,3.9,3.24,28.84,3.24,28.84,0,23,6,2025
299,2025-06-24,6397.4,4.64,-,299,6397.4,39.2,31.84,4.64,-,3.7,-,0,24,6,2025
300,2025-06-25,2153.1,3.39,75.96,300,2153.1,13.19,10.72,3.39,75.96,3.39,75.96,0,25,6,2025
301,2025-06-26,3089.11,4.87,75.84,301,3089.11,18.93,15.38,4.87,75.84,4.87,75.84,0,26,6,2025
302,2025-06-27,3982.25,6.25,76.1,302,3982.25,24.4,19.82,6.25,76.1,6.25,76.1,0,27,6,2025
303,2025-06-28,3358.72,5.32,75.36,303,3358.72,20.58,16.72,5.32,75.36,5.32,75.36,0,28,6,2025
304,2025-06-29,3627.76,5.99,72.39,304,3627.76,22.23,18.06,5.99,72.39,5.99,72.39,0,29,6,2025
305,2025-06-30,3118.96,4.92,75.76,305,3118.96,19.11,15.52,4.92,75.76,4.92,75.76,0,30,6,2025
306,2025-07-01,2986.4,4.87,73.26,306,2986.4,18.3,14.86,4.87,73.26,4.87,73.26,0,1,7,2025
307,2025-07-02,2449.32,3.89,75.12,307,2449.32,15.01,12.19,3.89,75.12,3.89,75.12,0,2,7,2025
308,2025-07-03,2157.62,3.44,74.95,308,2157.62,13.22,10.74,3.44,74.95,3.44,74.95,0,3,7,2025
309,2025-07-04,2844.13,4.46,76.2,309,2844.13,17.43,14.16,4.46,76.2,4.46,76.2,0,4,7,2025
310,2025-07-05,3779.54,6.01,75.16,310,3779.54,23.16,18.81,6.01,75.16,6.01,75.16,0,5,7,2025
311,2025-07-06,3491.1,5.55,75.21,311,3491.1,21.39,17.38,5.55,75.21,5.55,75.21,0,6,7,2025
312,2025-07-07,3428.56,5.44,75.22,312,3428.56,21.01,17.07,5.44,75.22,5.44,75.22,0,7,7,2025
313,2025-07-08,3524.15,5.49,76.66,313,3524.15,21.59,17.54,5.49,76.66,5.49,76.66,0,8,7,2025
314,2025-07-09,3680.96,5.68,77.46,314,3680.96,22.55,18.32,5.68,77.46,5.68,77.46,0,9,7,2025
315,2025-07-10,3431.03,5.49,74.64,315,3431.03,21.02,17.08,5.49,74.64,5.49,74.64,0,10,7,2025
316,2025-07-11,3616.44,5.59,77.27,316,3616.44,22.16,18.0,5.59,77.27,5.59,77.27,0,11,7,2025
317,2025-07-12,3708.32,5.75,77.07,317,3708.32,22.72,18.46,5.75,77.07,5.75,77.07,0,12,7,2025
318,2025-07-13,2369.23,5.66,50,318,2369.23,14.52,11.79,5.66,50,5.66,50,0,13,7,2025
319,2025-07-14,3581.08,5.54,77.21,319,3581.08,21.94,17.82,5.54,77.21,5.54,77.21,0,14,7,2025
320,2025-07-15,3365.32,5.21,77.22,320,3365.32,20.62,16.75,5.21,77.22,5.21,77.22,0,15,7,2025
321,2025-07-16,3814.23,5.9,77.28,321,3814.23,23.37,18.99,5.9,77.28,5.9,77.28,0,16,7,2025
322,2025-07-17,2823.7,5.1,66.19,322,2823.7,17.3,14.05,5.1,66.19,5.1,66.19,0,17,7,2025
323,2025-07-18,2878.0,4.42,77.85,323,2878.0,17.63,14.33,4.42,77.85,4.42,77.85,0,18,7,2025
324,2025-07-19,2195.34,3.42,76.57,324,2195.34,13.45,10.93,3.42,76.57,3.42,76.57,0,19,7,2025
325,2025-07-20,1592.14,2.72,69.95,325,1592.14,9.76,7.92,2.72,69.95,2.72,69.95,0,20,7,2025
326,2025-07-21,1870.06,2.77,80.62,326,1870.06,11.46,9.31,2.77,80.62,2.77,80.62,0,21,7,2025
327,2025-07-22,1880.47,3.22,69.76,327,1880.47,11.52,9.36,3.22,69.76,3.22,69.76,0,22,7,2025
328,2025-07-23,2113.3,3.33,75.86,328,2113.3,12.95,10.52,3.33,75.86,3.33,75.86,0,23,7,2025
329,2025-07-24,2451.31,4.15,70.53,329,2451.31,15.02,12.2,4.15,70.53,4.15,70.53,0,24,7,2025
330,2025-07-25,1676.12,2.68,74.71,330,1676.12,10.27,8.34,2.68,74.71,2.68,74.71,0,25,7,2025
331,2025-07-26,2876.22,4.49,76.52,331,2876.22,17.62,14.32,4.49,76.52,4.49,76.52,0,26,7,2025
332,2025-07-27,3474.11,5.64,73.61,332,3474.11,21.29,17.29,5.64,73.61,5.64,73.61,0,27,7,2025
333,2025-07-28,3305.08,5.29,74.64,333,3305.08,20.25,16.45,5.29,74.64,5.29,74.64,0,28,7,2025
334,2025-07-29,3375.08,6.03,66.86,334,3375.08,20.68,16.8,6.03,66.86,6.03,66.86,0,29,7,2025
335,2025-07-30,3446.65,5.86,70.31,335,3446.65,21.12,17.16,5.86,70.31,5.86,70.31,0,30,7,2025
336,2025-07-31,3132.35,5.36,69.76,336,3132.35,19.19,15.59,5.36,69.76,5.36,69.76,0,31,7,2025
337,2025-08-01,3417.57,5.84,69.88,337,3417.57,20.94,17.01,5.84,69.88,5.84,69.88,0,1,8,2025
338,2025-08-02,3663.39,5.87,74.55,338,3663.39,22.45,18.23,5.87,74.55,5.87,74.55,0,2,8,2025
339,2025-08-03,2698.44,4.25,75.87,339,2698.44,16.53,13.43,4.25,75.87,4.25,75.87,0,3,8,2025
340,2025-08-04,3302.84,5.54,71.26,340,3302.84,20.24,16.44,5.54,71.26,5.54,71.26,0,4,8,2025
341,2025-08-05,2936.73,5.43,64.58,341,2936.73,17.99,14.62,5.43,64.58,5.43,64.58,0,5,8,2025
342,2025-08-06,2891.71,5.71,60.45,342,2891.71,17.72,14.39,5.71,60.45,5.71,60.45,0,6,8,2025
343,2025-08-07,3446.09,5.8,70.97,343,3446.09,21.12,17.15,5.8,70.97,5.8,70.97,0,7,8,2025
344,2025-08-08,2117.52,3.79,66.83,344,2117.52,12.98,10.54,3.79,66.83,3.79,66.83,0,8,8,2025
345,2025-08-09,1898.75,3.04,74.64,345,1898.75,11.63,9.45,3.04,74.64,3.04,74.64,0,9,8,2025
346,2025-08-10,2780.0,4.83,68.83,346,2780.0,17.03,13.84,4.83,68.83,4.83,68.83,0,10,8,2025
347,2025-08-11,2550.27,4.41,69,347,2550.27,15.63,12.69,4.41,69,4.41,69,0,11,8,2025
348,2025-08-12,1394.84,2.27,73.53,348,1394.84,8.55,6.94,2.27,73.53,2.27,73.53,0,12,8,2025
349,2025-08-13,1357.58,2.26,71.82,349,1357.58,8.32,6.76,2.26,71.82,2.26,71.82,0,13,8,2025
350,2025-08-14,2717.09,4.24,76.61,350,2717.09,16.65,13.52,4.24,76.61,4.24,76.61,0,14,8,2025
351,2025-08-15,2672.24,5.52,57.83,351,2672.24,16.37,13.3,5.52,57.83,5.52,57.83,0,15,8,2025
352,2025-08-16,2081.06,3.73,66.65,352,2081.06,12.75,10.36,3.73,66.65,3.73,66.65,0,16,8,2025
353,2025-08-17,1795.2,2.85,75.33,353,1795.2,11.0,8.94,2.85,75.33,2.85,75.33,0,17,8,2025
354,2025-08-18,2583.65,4.07,75.76,354,2583.65,15.83,12.86,4.07,75.76,4.07,75.76,0,18,8,2025
355,2025-08-19,3011.24,4.92,73.1,355,3011.24,18.45,14.99,4.92,73.1,4.92,73.1,0,19,8,2025
356,2025-08-20,4003.16,6.51,73.44,356,4003.16,24.53,19.93,6.51,73.44,6.51,73.44,0,20,8,2025
357,2025-08-21,3746.86,3.77,-,357,3746.86,22.96,18.65,3.77,-,5.72,78.3,0,21,8,2025
358,2025-08-22,3389.88,5.5,73.66,358,3389.88,20.77,16.87,5.5,73.66,5.5,73.66,0,22,8,2025
359,2025-08-23,2503.01,4.29,69.76,359,2503.01,15.34,12.46,4.29,69.76,4.29,69.76,0,23,8,2025
360,2025-08-24,4107.21,6.67,73.51,360,4107.21,25.17,20.44,6.67,73.51,6.67,73.51,0,24,8,2025
361,2025-08-25,3363.65,5.5,73.02,361,3363.65,20.61,16.74,5.5,73.02,5.5,73.02,0,25,8,2025
362,2025-08-26,3138.41,5.18,72.43,362,3138.41,19.23,15.62,5.18,72.43,5.18,72.43,0,26,8,2025
363,2025-08-27,2696.92,4.36,73.96,363,2696.92,16.53,13.42,4.36,73.96,4.36,73.96,0,27,8,2025
364,2025-08-28,2496.8,3.89,76.73,364,2496.8,15.3,12.43,3.89,76.73,3.89,76.73,0,28,8,2025
365,2025-08-29,3993.89,6.51,73.28,365,3993.89,24.47,19.88,6.51,73.28,6.51,73.28,0,29,8,2025
366,2025-08-30,3596.39,6.19,69.41,366,3596.39,22.04,17.9,6.19,69.41,6.19,69.41,0,30,8,2025
367,2025-08-31,2569.07,4.1,74.84,367,2569.07,15.74,12.79,4.1,74.84,4.1,74.84,0,31,8,2025
368,2025-09-01,2004.93,3.13,76.57,368,2004.93,12.29,9.98,3.13,76.57,3.13,76.57,0,1,9,2025
369,2025-09-02,3273.88,5.12,76.43,369,3273.88,20.06,16.3,5.12,76.43,5.12,76.43,0,2,9,2025
370,2025-09-03,2346.88,3.85,72.84,370,2346.88,14.38,11.68,3.85,72.84,3.85,72.84,0,3,9,2025
371,2025-09-04,3183.33,5.11,74.4,371,3183.33,19.51,15.85,5.11,74.4,5.11,74.4,0,4,9,2025
372,2025-09-05,3077.36,5.28,69.63,372,3077.36,18.86,15.32,5.28,69.63,5.28,69.63,0,5,9,2025
373,2025-09-06,3381.26,6.43,62.78,373,3381.26,20.72,16.83,6.43,62.78,6.43,62.78,0,6,9,2025
374,2025-09-07,1959.74,5.73,40.89,374,1959.74,12.01,9.75,5.73,40.89,5.73,40.89,0,7,9,2025
375,2025-09-08,3530.87,6.02,70.08,375,3530.87,21.64,17.57,6.02,70.08,6.02,70.08,0,8,9,2025
376,2025-09-09,3605.88,6.0,71.79,376,3605.88,22.09,17.95,6.0,71.79,6.0,71.79,0,9,9,2025
377,2025-09-10,3624.8,6.13,70.7,377,3624.8,22.21,18.04,6.13,70.7,6.13,70.7,0,10,9,2025
378,2025-09-11,2840.51,4.59,73.88,378,2840.51,17.41,14.14,4.59,73.88,4.59,73.88,0,11,9,2025
379,2025-09-12,2893.58,4.65,74.29,379,2893.58,17.73,14.4,4.65,74.29,4.65,74.29,0,12,9,2025
380,2025-09-13,1096.94,1.8,72.96,380,1096.94,6.72,5.46,1.8,72.96,1.8,72.96,0,13,9,2025
381,2025-09-14,229.7,5.5,-,381,229.7,1.41,1.14,5.5,-,3.22,-,0,14,9,2025
382,2025-09-15,2994.44,5.89,60.74,382,2994.44,18.35,14.9,5.89,60.74,5.89,60.74,0,15,9,2025
383,2025-09-16,2582.01,4.33,71.28,383,2582.01,15.82,12.85,4.33,71.28,4.33,71.28,0,16,9,2025
384,2025-09-17,3229.88,5.46,70.71,384,3229.88,19.79,16.08,5.46,70.71,5.46,70.71,0,17,9,2025
385,2025-09-18,3877.41,6.4,72.4,385,3877.41,23.76,19.3,6.4,72.4,6.4,72.4,0,18,9,2025
386,2025-09-19,1925.65,3.04,75.75,386,1925.65,11.8,9.58,3.04,75.75,3.04,75.75,0,19,9,2025
387,2025-09-20,2332.41,4.01,69.45,387,2332.41,14.29,11.61,4.01,69.45,4.01,69.45,0,20,9,2025
388,2025-09-21,2031.56,3.33,72.97,388,2031.56,12.45,10.11,3.33,72.97,3.33,72.97,0,21,9,2025
389,2025-09-22,2974.71,4.77,74.58,389,2974.71,18.23,14.81,4.77,74.58,4.77,74.58,0,22,9,2025
390,2025-09-23,2646.86,4.32,73.24,390,2646.86,16.22,13.17,4.32,73.24,4.32,73.24,0,23,9,2025
391,2025-09-24,3126.35,5.24,71.22,391,3126.35,19.16,15.56,5.24,71.22,5.24,71.22,0,24,9,2025
392,2025-09-25,3906.7,6.63,70.36,392,3906.7,23.94,19.45,6.63,70.36,6.63,70.36,0,25,9,2025
393,2025-09-26,3188.31,5.33,71.51,393,3188.31,19.54,15.87,5.33,71.51,5.33,71.51,0,26,9,2025
394,2025-09-27,3591.45,6.14,69.85,394,3591.45,22.01,17.88,6.14,69.85,6.14,69.85,0,27,9,2025
395,2025-09-28,3300.38,5.7,69.21,395,3300.38,20.22,16.43,5.7,69.21,5.7,69.21,0,28,9,2025
396,2025-09-29,2218.02,3.63,73.07,396,2218.02,13.59,11.04,3.63,73.07,3.63,73.07,0,29,9,2025
397,2025-09-30,2432.53,3.88,74.8,397,2432.53,14.91,12.11,3.88,74.8,3.88,74.8,0,30,9,2025
398,2025-10-01,2062.84,3.42,71.97,398,2062.84,12.64,10.27,3.42,71.97,3.42,71.97,0,1,10,2025
399,2025-10-02,1337.91,4.56,35.06,399,1337.91,8.2,6.66,4.56,35.06,4.56,35.06,0,2,10,2025
400,2025-10-03,2366.94,3.91,72.35,400,2366.94,14.5,11.78,3.91,72.35,3.91,72.35,0,3,10,2025
401,2025-10-04,3931.26,6.83,68.78,401,3931.26,24.09,19.57,6.83,68.78,6.83,68.78,0,4,10,2025
402,2025-10-05,1600.76,6.06,31.53,402,1600.76,9.81,7.97,6.06,31.53,6.06,31.53,0,5,10,2025
403,2025-10-06,3010.24,5.0,71.95,403,3010.24,18.45,14.98,5.0,71.95,5.0,71.95,0,6,10,2025
404,2025-10-07,3441.72,5.8,70.92,404,3441.72,21.09,17.13,5.8,70.92,5.8,70.92,0,7,10,2025
405,2025-10-08,2709.37,4.71,68.79,405,2709.37,16.6,13.49,4.71,68.79,4.71,68.79,0,8,10,2025
406,2025-10-09,3349.21,5.58,71.77,406,3349.21,20.52,16.67,5.58,71.77,5.58,71.77,0,9,10,2025
407,2025-10-10,2855.56,4.62,73.85,407,2855.56,17.5,14.21,4.62,73.85,4.62,73.85,0,10,10,2025
408,2025-10-11,3143.18,5.18,72.45,408,3143.18,19.26,15.65,5.18,72.45,5.18,72.45,0,11,10,2025
409,2025-10-12,2623.52,4.2,74.69,409,2623.52,16.08,13.06,4.2,74.69,4.2,74.69,0,12,10,2025
410,2025-10-13,3229.36,5.27,73.19,410,3229.36,19.79,16.07,5.27,73.19,5.27,73.19,0,13,10,2025
411,2025-10-14,3024.3,5.38,67.1,411,3024.3,18.53,15.05,5.38,67.1,5.38,67.1,0,14,10,2025
412,2025-10-15,2288.38,3.86,70.8,412,2288.38,14.02,11.39,3.86,70.8,3.86,70.8,0,15,10,2025
413,2025-10-16,3097.26,5.23,70.72,413,3097.26,18.98,15.42,5.23,70.72,5.23,70.72,0,16,10,2025
414,2025-10-17,1977.06,3.28,72.05,414,1977.06,12.11,9.84,3.28,72.05,3.28,72.05,0,17,10,2025
415,2025-10-18,881.07,1.57,67.13,415,881.07,5.4,4.39,1.57,67.13,1.57,67.13,0,18,10,2025
416,2025-10-19,2099.84,3.44,72.84,416,2099.84,12.87,10.45,3.44,72.84,3.44,72.84,0,19,10,2025
417,2025-10-20,1836.74,3.23,67.97,417,1836.74,11.25,9.14,3.23,67.97,3.23,67.97,0,20,10,2025
418,2025-10-21,562.18,0.97,69.52,418,562.18,3.44,2.8,0.97,69.52,0.97,69.52,0,21,10,2025
419,2025-10-22,2381.83,4.07,69.93,419,2381.83,14.59,11.86,4.07,69.93,4.07,69.93,0,22,10,2025
420,2025-10-23,2825.98,4.8,70.26,420,2825.98,17.32,14.07,4.8,70.26,4.8,70.26,0,23,10,2025
421,2025-10-24,963.35,1.61,71.39,421,963.35,5.9,4.8,1.61,71.39,1.61,71.39,0,24,10,2025
422,2025-10-25,2285.96,3.65,74.88,422,2285.96,14.01,11.38,3.65,74.88,3.65,74.88,0,25,10,2025
423,2025-10-26,2209.41,3.52,74.96,423,2209.41,13.54,11.0,3.52,74.96,3.52,74.96,0,26,10,2025
424,2025-10-27,666.75,1.13,70.74,424,666.75,4.09,3.32,1.13,70.74,1.13,70.74,0,27,10,2025
425,2025-10-28,224.85,0.43,61.89,425,224.85,1.38,1.12,0.43,61.89,0.43,61.89,0,28,10,2025
426,2025-10-29,3552.23,6.11,69.51,426,3552.23,21.77,17.68,6.11,69.51,6.11,69.51,0,29,10,2025
427,2025-10-30,3747.44,6.47,69.23,427,3747.44,22.96,18.65,6.47,69.23,6.47,69.23,0,30,10,2025
428,2025-10-31,3691.37,6.38,69.13,428,3691.37,22.62,18.37,6.38,69.13,6.38,69.13,0,31,10,2025
429,2025-11-01,3222.86,5.48,70.2,429,3222.86,19.75,16.04,5.48,70.2,5.48,70.2,0,1,11,2025
430,2025-11-02,1739.72,5.7,36.45,430,1739.72,10.66,8.66,5.7,36.45,5.7,36.45,0,2,11,2025
431,2025-11-03,2495.6,4.15,71.84,431,2495.6,15.29,12.42,4.15,71.84,4.15,71.84,0,3,11,2025
432,2025-11-04,1689.79,2.87,70.24,432,1689.79,10.35,8.41,2.87,70.24,2.87,70.24,0,4,11,2025
433,2025-11-05,3310.42,5.61,70.56,433,3310.42,20.28,16.48,5.61,70.56,5.61,70.56,0,5,11,2025
434,2025-11-06,1684.26,2.77,72.66,434,1684.26,10.32,8.38,2.77,72.66,2.77,72.66,0,6,11,2025
435,2025-11-07,2314.49,3.85,71.89,435,2314.49,14.18,11.52,3.85,71.89,3.85,71.89,0,7,11,2025
436,2025-11-08,3074.99,5.57,65.99,436,3074.99,18.84,15.31,5.57,65.99,5.57,65.99,0,8,11,2025
437,2025-11-09,2050.91,4.13,59.39,437,2050.91,12.57,10.21,4.13,59.39,4.13,59.39,0,9,11,2025
438,2025-11-10,3565.8,4.72,90.23,438,3565.8,21.85,17.75,4.72,90.23,4.72,90.23,0,10,11,2025
439,2025-11-11,2305.44,3.85,71.57,439,2305.44,14.13,11.48,3.85,71.57,3.85,71.57,0,11,11,2025
440,2025-11-12,2467.48,4.66,63.27,440,2467.48,15.12,12.28,4.66,63.27,4.66,63.27,0,12,11,2025
441,2025-11-13,1421.0,2.06,82.28,441,1421.0,8.71,7.07,2.06,82.28,2.06,82.28,0,13,11,2025
442,2025-11-14,2799.62,4.65,71.86,442,2799.62,17.15,13.94,4.65,71.86,4.65,71.86,0,14,11,2025
443,2025-11-15,1889.66,3.05,74.06,443,1889.66,11.58,9.41,3.05,74.06,3.05,74.06,0,15,11,2025
444,2025-11-16,1583.53,2.59,73.18,444,1583.53,9.7,7.88,2.59,73.18,2.59,73.18,0,16,11,2025
445,2025-11-17,732.67,1.11,78.57,445,732.67,4.49,3.65,1.11,78.57,1.11,78.57,0,17,11,2025
446,2025-11-18,1908.83,3.08,74.01,446,1908.83,11.7,9.5,3.08,74.01,3.08,74.01,0,18,11,2025
447,2025-11-19,2820.74,4.49,75.01,447,2820.74,17.28,14.04,4.49,75.01,4.49,75.01,0,19,11,2025
448,2025-11-20,1868.22,2.95,75.55,448,1868.22,11.45,9.3,2.95,75.55,2.95,75.55,0,20,11,2025
449,2025-11-21,2773.19,4.71,70.28,449,2773.19,16.99,13.8,4.71,70.28,4.71,70.28,0,21,11,2025
450,2025-11-22,2888.26,4.87,70.91,450,2888.26,17.7,14.38,4.87,70.91,4.87,70.91,0,22,11,2025
451,2025-11-23,1387.61,2.25,73.71,451,1387.61,8.5,6.91,2.25,73.71,2.25,73.71,0,23,11,2025
452,2025-11-24,1500.06,2.35,76.25,452,1500.06,9.19,7.47,2.35,76.25,2.35,76.25,0,24,11,2025
453,2025-11-25,2358.51,3.89,72.5,453,2358.51,14.45,11.74,3.89,72.5,3.89,72.5,0,25,11,2025
454,2025-11-26,2259.34,3.69,73.16,454,2259.34,13.84,11.25,3.69,73.16,3.69,73.16,0,26,11,2025
455,2025-11-27,2608.39,4.13,75.39,455,2608.39,15.98,12.98,4.13,75.39,4.13,75.39,0,27,11,2025
456,2025-11-28,2335.72,3.74,74.57,456,2335.72,14.31,11.63,3.74,74.57,3.74,74.57,0,28,11,2025
457,2025-11-29,808.32,1.32,72.93,457,808.32,4.95,4.02,1.32,72.93,1.32,72.93,0,29,11,2025
458,2025-11-30,885.05,1.47,72.12,458,885.05,5.42,4.41,1.47,72.12,1.47,72.12,0,30,11,2025
459,2025-12-01,1132.44,1.85,73.09,459,1132.44,6.94,5.64,1.85,73.09,1.85,73.09,0,1,12,2025
460,2025-12-02,346.87,0.65,63.85,460,346.87,2.13,1.73,0.65,63.85,0.65,63.85,0,2,12,2025
461,2025-12-03,693.4,1.38,60.2,461,693.4,4.25,3.45,1.38,60.2,1.38,60.2,0,3,12,2025
462,2025-12-04,71268.84,2.88,-,462,71268.84,436.7,354.74,2.88,-,1.01,-,0,4,12,2025
463,2025-12-05,1318.39,2.49,63.35,463,1318.39,8.08,6.56,2.49,63.35,2.49,63.35,0,5,12,2025
464,2025-12-06,894.14,3.15,33.94,464,894.14,5.48,4.45,3.15,33.94,3.15,33.94,0,6,12,2025
465,2025-12-07,636.24,2.79,27.27,465,636.24,3.9,3.17,2.79,27.27,2.79,27.27,0,7,12,2025
466,2025-12-08,938.7,4.33,25.91,466,938.7,5.75,4.67,4.33,25.91,4.33,25.91,0,8,12,2025
467,2025-12-09,5042.05,4.27,-,467,5042.05,30.89,25.1,4.27,-,3.56,-,0,9,12,2025
468,2025-12-10,2601.71,4.29,72.45,468,2601.71,15.94,12.95,4.29,72.45,4.29,72.45,0,10,12,2025
469,2025-12-11,2774.01,4.68,70.78,469,2774.01,17.0,13.81,4.68,70.78,4.68,70.78,0,11,12,2025
470,2025-12-12,2858.54,5.16,66.2,470,2858.54,17.52,14.23,5.16,66.2,5.16,66.2,0,12,12,2025
471,2025-12-13,2763.49,4.73,69.74,471,2763.49,16.93,13.76,4.73,69.74,4.73,69.74,0,13,12,2025
472,2025-12-14,2556.18,4.29,71.25,472,2556.18,15.66,12.72,4.29,71.25,4.29,71.25,0,14,12,2025
473,2025-12-15,2645.53,4.46,70.88,473,2645.53,16.21,13.17,4.46,70.88,4.46,70.88,0,15,12,2025
474,2025-12-16,1063.78,1.7,74.8,474,1063.78,6.52,5.29,1.7,74.8,1.7,74.8,0,16,12,2025
475,2025-12-17,2437.96,4.27,68.22,475,2437.96,14.94,12.13,4.27,68.22,4.27,68.22,0,17,12,2025
476,2025-12-18,2283.63,3.76,72.5,476,2283.63,13.99,11.37,3.76,72.5,3.76,72.5,0,18,12,2025
477,2025-12-19,2422.68,4.31,67.15,477,2422.68,14.84,12.06,4.31,67.15,4.31,67.15,0,19,12,2025
478,2025-12-20,2620.97,4.35,71.91,478,2620.97,16.06,13.05,4.35,71.91,4.35,71.91,0,20,12,2025
479,2025-12-21,2318.77,3.75,73.77,479,2318.77,14.21,11.54,3.75,73.77,3.75,73.77,0,21,12,2025
480,2025-12-22,2361.99,4.26,66.22,480,2361.99,14.47,11.76,4.26,66.22,4.26,66.22,0,22,12,2025
481,2025-12-23,2107.86,4.45,56.62,481,2107.86,12.92,10.49,4.45,56.62,4.45,56.62,0,23,12,2025
482,2025-12-24,1991.55,3.32,71.66,482,1991.55,12.2,9.91,3.32,71.66,3.32,71.66,0,24,12,2025
483,2025-12-25,1339.91,2.1,76.33,483,1339.91,8.21,6.67,2.1,76.33,2.1,76.33,0,25,12,2025
484,2025-12-26,1878.02,3.06,73.39,484,1878.02,11.51,9.35,3.06,73.39,3.06,73.39,0,26,12,2025
485,2025-12-27,2278.33,4.22,64.45,485,2278.33,13.96,11.34,4.22,64.45,4.22,64.45,0,27,12,2025
486,2025-12-28,1951.68,4.99,46.77,486,1951.68,11.96,9.71,4.99,46.77,4.99,46.77,0,28,12,2025
487,2025-12-29,2501.95,4.33,69.07,487,2501.95,15.33,12.45,4.33,69.07,4.33,69.07,0,29,12,2025
488,2025-12-30,2290.33,4.05,67.51,488,2290.33,14.03,11.4,4.05,67.51,4.05,67.51,0,30,12,2025
489,2025-12-31,1556.68,2.59,71.94,489,1556.68,9.54,7.75,2.59,71.94,2.59,71.94,0,31,12,2025
490,2026-01-01,713.02,3.13,27.26,490,713.02,4.37,3.55,3.13,27.26,3.13,27.26,0,1,1,2026
491,2026-01-02,2427.2,4.17,69.52,491,2427.2,14.87,12.08,4.17,69.52,4.17,69.52,0,2,1,2026
492,2026-01-03,2150.5,4.71,54.5,492,2150.5,13.18,10.7,4.71,54.5,4.71,54.5,0,3,1,2026
493,2026-01-04,989.7,4.08,28.98,493,989.7,6.06,4.93,4.08,28.98,4.08,28.98,0,4,1,2026
494,2026-01-05,2686.89,4.46,71.9,494,2686.89,16.46,13.37,4.46,71.9,4.46,71.9,0,5,1,2026
495,2026-01-06,2417.77,4.0,72.21,495,2417.77,14.81,12.03,4.0,72.21,4.0,72.21,0,6,1,2026
496,2026-01-07,2594.37,4.64,66.72,496,2594.37,15.9,12.91,4.64,66.72,4.64,66.72,0,7,1,2026
497,2026-01-08,3047.33,5.14,70.78,497,3047.33,18.67,15.17,5.14,70.78,5.14,70.78,0,8,1,2026
498,2026-01-09,995.45,1.65,71.94,498,995.45,6.1,4.95,1.65,71.94,1.65,71.94,0,9,1,2026
499,2026-01-10,1182.26,1.95,72.5,499,1182.26,7.24,5.88,1.95,72.5,1.95,72.5,0,10,1,2026
500,2026-01-11,702.67,1.19,70.66,500,702.67,4.31,3.5,1.19,70.66,1.19,70.66,0,11,1,2026
501,2026-01-12,964.63,1.59,72.61,501,964.63,5.91,4.8,1.59,72.61,1.59,72.61,0,12,1,2026
502,2026-01-13,2938.75,5.11,68.77,502,2938.75,18.01,14.63,5.11,68.77,5.11,68.77,0,13,1,2026
503,2026-01-14,2490.48,4.19,70.99,503,2490.48,15.26,12.4,4.19,70.99,4.19,70.99,0,14,1,2026
504,2026-01-15,1188.91,5.21,27.26,504,1188.91,7.29,5.92,5.21,27.26,5.21,27.26,0,15,1,2026
505,2026-01-16,1051.38,4.74,26.53,505,1051.38,6.44,5.23,4.74,26.53,4.74,26.53,0,16,1,2026
506,2026-01-17,1024.6,4.78,25.62,506,1024.6,6.28,5.1,4.78,25.62,4.78,25.62,0,17,1,2026
507,2026-01-18,1161.38,5.81,23.88,507,1161.38,7.12,5.78,5.81,23.88,5.81,23.88,0,18,1,2026
508,2026-01-19,3140.38,5.41,69.36,508,3140.38,19.24,15.63,5.41,69.36,5.41,69.36,0,19,1,2026
509,2026-01-20,3050.29,5.36,68.01,509,3050.29,18.69,15.18,5.36,68.01,5.36,68.01,0,20,1,2026
